id,reference,customer,origin,destination,incoterm,planned_etd,planned_eta,container_number,seal_number,sku,product_description,quantity,weight_kg,volume_cbm,nb_pallets,nb_cartons,order_number,supplier,incoterm_city,loading_place,pod,mad_date,its_date,vessel,bl_number,forwarder_ref,pure_trade_ref,interlocuteur,responsable_pure_trade,status,created_at
493,24YSL028,YSL,,,FCA,2025-01-10 00:00:00+00:00,2025-01-02 00:00:00+00:00,,,LF761001,INSTIT FAN FCA ,4703.0,337.0,1.42,,53.0,,Beaut Premium,Shanghai,Shanghai,HK,2025-01-10 00:00:00+00:00,,NaN,25-0135,,,NaN,NaN,ORDER_INFO,2026-01-25 23:33:17.671331+00:00
494,24CHL005,Chanel,,,DDP,2025-01-06 00:00:00+00:00,2025-01-10 00:00:00+00:00,#REF! ,,508290,5 ACCESS.VEND.PIN'S CH5 ,1600.0,104.0,0.25,,15.0,,Yitai,Le Meux,Shenzhen,CDG,2025-01-27 00:00:00+00:00,,expé sur 1 palette,25-0070,,,NaN,NaN,ORDER_INFO,2026-01-25 23:33:17.671331+00:00
495,24PAF003,Paco Rabanne,,,DDP,2025-01-06 00:00:00+00:00,2025-01-10 00:00:00+00:00,,,65215735,CORPORATE SUMMER GIFT GWP25 L3 ,46800.0,14976.0,112.32,,1560.0,,Docofil,Barcelona,Portugal,Barcelona,2025-01-10 00:00:00+00:00,,2 trucks,25-0008 rev + 25-0009 rev,,,NaN,NaN,ORDER_INFO,2026-01-25 23:33:17.671331+00:00
496,24DIO019,Dior,,,DDP,2025-01-10 00:00:00+00:00,2025-01-16 00:00:00+00:00,#REF! ,,C899500097,D/INSTT SPA SERVIETTE BAIN 100X170 INT24 ,720.0,912.0,8.64,,120.0,,Neiper,St Jean De Braye,Portugal,NaN,2025-01-02 00:00:00+00:00,,NaN,25-0068,,,NaN,NaN,ORDER_INFO,2026-01-25 23:33:17.671331+00:00
497,24DOG009,D&G,,,DDP,2025-01-31 00:00:00+00:00,2025-01-31 00:00:00+00:00,#REF! ,,P2DV9008,MUP 2025 platters merch ,1000.0,150.0,0.55,,17.0,,Union Source,Calvenzano (IT),Shenzhen,CDG,2025-02-07 00:00:00+00:00,,NaN,25-0127,,,NaN,NaN,ORDER_INFO,2026-01-25 23:33:17.671331+00:00
498,UE001,Nuxe,,,DDP,2025-01-10 00:00:00+00:00,2025-02-11 00:00:00+00:00,16,,AXD000113A,OUTILS DE MASSAGE ,212.0,18.0,0.01,,2.0,,Union Source,Migennes,Shenzhen,Dunkerque,2025-02-28 00:00:00+00:00,,CMA CGM TROCADERO --> CMA CGM RIVOLI,25-0157,200.25.02.0023,,NaN,NaN,ORDER_INFO,2026-01-25 23:33:17.671331+00:00
499,24CHL004,Chanel,,,DDP,2025-01-10 00:00:00+00:00,2025-02-11 00:00:00+00:00,48.7,,508340,MAJ INT. ECRIN N1 2H25 ,115.0,,0.34,,10.0,,PTA,Le Meux,Shenzhen,Dunkerque,2025-03-11 00:00:00+00:00,,CMA CGM TROCADERO --> CMA CGM RIVOLI,25-0141,200.25.02.0023,,NaN,NaN,ORDER_INFO,2026-01-25 23:33:17.671331+00:00
500,24YSL038,YSL,,,DDP,2025-01-10 00:00:00+00:00,2025-02-11 00:00:00+00:00,#REF! ,,LF951600,YSL GIFTSET XMAS 25 MIRROR ,388.0,25.0,0.02,,4.0,,Union Source,Roye,Shenzhen,Dunkerque,2025-06-20 00:00:00+00:00,2025-02-25 00:00:00+00:00,CMA CGM TROCADERO --> CMA CGM RIVOLI,,200.25.02.0023,,NaN,NaN,ORDER_INFO,2026-01-25 23:33:17.671331+00:00
501,24YSL039,YSL,,,DDP,2025-01-10 00:00:00+00:00,2025-02-11 00:00:00+00:00,#REF! ,,LG024700,MIRROR XMAS 25 ,7556.0,741.0,0.52,,95.0,,Union Source,Roye,Shenzhen,Dunkerque,2025-06-20 00:00:00+00:00,2025-02-20 00:00:00+00:00,CMA CGM TROCADERO --> CMA CGM RIVOLI,,200.25.02.0023,,NaN,NaN,ORDER_INFO,2026-01-25 23:33:17.671331+00:00
502,24GUE014,Guerlain,,,DDP,2025-02-10 00:00:00+00:00,2025-02-12 00:00:00+00:00,,,G643963,Shawl CRM 25 (chales ac boites) ,100.0,,1.06,,50.0,,Union Source,Shanghai,Shanghai,Shanghai,2024-11-27 00:00:00+00:00,,NaN,25-0136,,,NaN,NaN,ORDER_INFO,2026-01-25 23:33:17.671331+00:00
503,24GUE032,Guerlain,,,DDP,2025-01-13 00:00:00+00:00,2025-02-20 00:00:00+00:00,#REF! ,,G607532,Inst 22 Pochon AOG reorder ,50000.0,920.0,5.95,,209.0,,Rinco,Garancières,Shanghai,Dunkerque,2025-03-05 00:00:00+00:00,,CMA CGM BENJ FRANKLIN,25-0158,100.25.02.0055,,NaN,NaN,ORDER_INFO,2026-01-25 23:33:17.671331+00:00
504,24ARM005,Armani,,,DDP,2025-02-14 00:00:00+00:00,2025-02-20 00:00:00+00:00,#REF! ,,LF488100,GA BEACH TOWEL SUMMER 2025 DDP ,4200.0,1920.0,11.49,,300.0,,Docofil,Roye,Portugal,Roye,2025-01-24 00:00:00+00:00,,truck 6 SCHENKER,25-0137,,,NaN,NaN,ORDER_INFO,2026-01-25 23:33:17.671331+00:00
505,24PAC013,Paco Rabanne,,,DDP,2025-01-24 00:00:00+00:00,2025-02-28 00:00:00+00:00,#REF! ,,65239787,ADVENT XL LINK MOBILE HD25 ,585.0,6.0,0.02,,1.0,,JMS,Barcelona,Shenzhen,Barcelona,2025-03-14 00:00:00+00:00,,MSC LENI,25-0182,SHKG117343,,NaN,NaN,ORDER_INFO,2026-01-25 23:33:17.671331+00:00
506,24PAC011,Paco Rabanne,,,DDP,2025-01-24 00:00:00+00:00,2025-02-28 00:00:00+00:00,10032.5,,65215822,RABANNE MGFH RE25 POUCH GWP L3 ,49098.0,9703.0,64.94,,1169.0,,Yijiahao,Barcelona,Shenzhen,Barcelona,2025-04-04 00:00:00+00:00,,MSC LENI,25-0219 + 25-0221 + 25-0223 rev (1 ctn manquant de 42 pcs),SHKG117343,,NaN,NaN,ORDER_INFO,2026-01-25 23:33:17.671331+00:00
507,24BIO004,Biotherm,,,DDP,2025-02-25 00:00:00+00:00,2025-02-28 00:00:00+00:00,#REF! ,,LF910900,BIO SUMMER 25 TOWEL ,8377.0,3144.0,22.51,,524.0,,Docofil,Roye,Portugal,Roye,2025-02-20 00:00:00+00:00,,truck 2 - 22 pal,25-0152,,,NaN,NaN,ORDER_INFO,2026-01-25 23:33:17.671331+00:00
508,24YSL055,YSL,,,DDP,2025-02-28 00:00:00+00:00,2025-03-01 00:00:00+00:00,#REF! ,,LF761500,YSL CLAS FLATPOUCH CAMEL S125 DDP ,4000.0,292.0,1.38,,67.0,,Rinco,Gennevilliers,Shenzhen,CDG,2025-03-03 00:00:00+00:00,,NaN,25-0151 - FSC,,,NaN,NaN,ORDER_INFO,2026-01-25 23:33:17.671331+00:00
509,24GIV007,Givenchy,,,FCA,2025-02-20 00:00:00+00:00,2025-03-03 00:00:00+00:00,#REF! ,,P300274,TROUSSE SUMMER RAPHIA 25 ,4590.0,902.0,7.85,,192.0,,YCD SZ,Shenzhen,Shenzhen,NaN,2025-03-01 00:00:00+00:00,,To Japan,25-0168,,,NaN,NaN,ORDER_INFO,2026-01-25 23:33:17.671331+00:00
510,24LAN008,Lancôme,,,DDP,2025-02-26 00:00:00+00:00,2025-03-03 00:00:00+00:00,#REF! ,,LF914100,LC 90 years ba name badge ddp ,77.0,9.0,0.03,,1.0,,Beaut Premium,Roye,Shenzhen,CDG,2025-03-07 00:00:00+00:00,2025-01-21 00:00:00+00:00,4239401036,25-0150,4239401036,,NaN,NaN,ORDER_INFO,2026-01-25 23:33:17.671331+00:00
511,24PEN003,Penhaligon'S,,,DDP,2025-01-26 00:00:00+00:00,2025-03-06 00:00:00+00:00,390.6,,65220931,PEN EVERGREEN EDN HANDKERCHIEF PACK100 ,620.0,428.0,1.56,,62.0,,Union Source,Castellar,Shenzhen,Rotterdam,2025-03-27 00:00:00+00:00,,EVER ALP,25-0200,100.25.03.0018,,NaN,NaN,ORDER_INFO,2026-01-25 23:33:17.671331+00:00
512,24CAH007,Carolina Herrera,,,DDP,2025-01-29 00:00:00+00:00,2025-03-07 00:00:00+00:00,#REF! ,,65214575,HC MUP FOUNDATION FACE ROLLER GWP L3 ,16254.0,2535.0,10.92,,387.0,,Beaut Premium,Barcelona,Ningbo,Rotterdam,2025-03-17 00:00:00+00:00,,COSCO SHIPPING SCORPIO,25-0188 rev,200.25.03.0026,,NaN,NaN,ORDER_INFO,2026-01-25 23:33:17.671331+00:00
513,24COA003,Coach,,,DDP,2025-01-27 00:00:00+00:00,2025-03-13 00:00:00+00:00,,,CCZPA185USA,CCH WOMAN EVENING POUCH GOLD GWP S2 25 USA ,45000.0,5220.0,27.68,,900.0,,Vipin,Orangeburg USA,Shenzhen,NY,2025-04-01 00:00:00+00:00,,EVER MAX,25-0201,,,NaN,NaN,ORDER_INFO,2026-01-25 23:33:17.671331+00:00
514,24COA006,Coach,,,DDP,2025-03-12 00:00:00+00:00,2025-03-13 00:00:00+00:00,,,CC023V13,COACH GOLD PARFUM C CHARMS KEYRINGS ,1800.0,311.0,0.35,,30.0,,Vipin,Criquebeuf Sur Seine,Shenzhen,Brussels,2025-04-01 00:00:00+00:00,,NaN,25-0191,600.25.03.0003,,NaN,NaN,ORDER_INFO,2026-01-25 23:33:17.671331+00:00
515,24DIO022,Dior,,,DDP,2025-03-10 00:00:00+00:00,2025-03-14 00:00:00+00:00,#REF! ,,E300000110, D/INSTIT SLIPPERS HOMMES INT24 ,1100.0,607.0,5.33,,74.0,,Neiper,St Jean De Braye,Portugal,St Jean de Braye,2025-03-07 00:00:00+00:00,,NaN,25-0174 REV1,,,NaN,NaN,ORDER_INFO,2026-01-25 23:33:17.671331+00:00
516,24COA005,Coach,,,DDP,2025-01-26 00:00:00+00:00,2025-03-17 00:00:00+00:00,144.1,,CCZPA186,COACH WOMAN GOLD PARFUM BRACELETS X10 25 ,1500.0,144.0,0.85,,38.0,,Union Source,Criquebeuf Sur Seine,Shenzhen,Rotterdam,2025-03-21 00:00:00+00:00,,EVER ALP,25-0184,100.25.03.0015,,NaN,NaN,ORDER_INFO,2026-01-25 23:33:17.671331+00:00
517,24OPR002,L'Oreal TR,,,DDP,2025-01-26 00:00:00+00:00,2025-03-17 00:00:00+00:00,445.8,,TM11504,POUCH I AM WORTH IT REPT ,20400.0,442.0,2.67,,68.0,,Yijiahao,Fresnoy Le Grand,Shenzhen,Rotterdam,2025-03-21 00:00:00+00:00,,EVER ALP,25-0185,100.25.03.0015,,NaN,NaN,ORDER_INFO,2026-01-25 23:33:17.671331+00:00
518,24ROC001,Rochas,,,DDP,2025-01-26 00:00:00+00:00,2025-03-17 00:00:00+00:00,600.3,,RCZPA057,ROC GENERIC TOTE BAG GWP S1 2025 ,2000.0,616.0,3.22,,67.0,,Yijiahao,Criquebeuf Sur Seine,Shenzhen,Rotterdam,2025-03-21 00:00:00+00:00,,EVER ALP,25-0184,100.25.03.0015,,NaN,NaN,ORDER_INFO,2026-01-25 23:33:17.671331+00:00
519,24JPG014,Jean Paul Gaultier,,,DDP,2025-01-26 00:00:00+00:00,2025-03-17 00:00:00+00:00,208,,15162325,La Belle broderie 50ML EDP ,48000.0,221.0,1.24,,32.0,,PTA,Vedole di Colorno (IT),Shenzhen,Rotterdam,2025-03-26 00:00:00+00:00,,EVER ALP,BL 1120,100.25.03.0016,,NaN,NaN,ORDER_INFO,2026-01-25 23:33:17.671331+00:00
520,24COA004,Coach,,,DDP,2025-01-26 00:00:00+00:00,2025-03-17 00:00:00+00:00,285.4,,CC023G01.28,"TR CCH W GOLD EDP 7,5 S1 25 ",10100.0,317.0,2.62,,64.0,,Vipin,Saran,Shenzhen,Rotterdam,2025-03-28 00:00:00+00:00,,EVER ALP,25-0193,100.25.03.0015,,NaN,NaN,ORDER_INFO,2026-01-25 23:33:17.671331+00:00
521,24LPG004,LPG,,,DDP,2025-01-26 00:00:00+00:00,2025-03-17 00:00:00+00:00,208.5,,102776100,Lot 5 Cuillères doseuses 2025 ,1000.0,207.0,0.79,,17.0,,Union Source,Monteleger (26760),Shenzhen,Rotterdam,2025-04-07 00:00:00+00:00,,EVER ALP,25-0220,100.25.03.0015,,NaN,NaN,ORDER_INFO,2026-01-25 23:33:17.671331+00:00
522,24NUX001,Nuxe,,,DDP,2025-01-26 00:00:00+00:00,2025-03-17 00:00:00+00:00,3226.7,,AXD000113A,OUTILS DE MASSAGE ,43188.0,3240.0,2.25,,360.0,,Union Source,Migennes,Shenzhen,Rotterdam,2025-04-15 00:00:00+00:00,,EVER ALP,167162,100.25.03.0015,,NaN,NaN,ORDER_INFO,2026-01-25 23:33:17.671331+00:00
523,24JPG015,Jean Paul Gaultier,,,DDP,2025-01-26 00:00:00+00:00,2025-03-17 00:00:00+00:00,160.7,,15162327,  ,50000.0,,0.0,,,,PTA,Vedole di Colorno (IT),Shenzhen,Rotterdam,2025-04-23 00:00:00+00:00,,EVER ALP,BL 1121,100.25.03.0016,,NaN,NaN,ORDER_INFO,2026-01-25 23:33:17.671331+00:00
524,24CLA020,Clarins,,,DDP,2025-03-24 00:00:00+00:00,2025-03-28 00:00:00+00:00,#REF! ,,80109270,BANDEAU CLARINS 1=5 ,195.0,,0.6,,9.0,,Neiper,Glisy,Portugal,Glisy,2025-03-24 00:00:00+00:00,,NaN,25-0186,,,NaN,NaN,ORDER_INFO,2026-01-25 23:33:17.671331+00:00
525,25BUR002,Burberry,,,DDP,2025-03-29 00:00:00+00:00,2025-03-31 00:00:00+00:00,#REF! ,,POCHONSHARRODS,  ,380.0,,0.0,,,,Shui Fung,Royaume uni,Shenzhen,NaN,2025-03-31 00:00:00+00:00,,NaN,,869101000000,,NaN,NaN,ORDER_INFO,2026-01-25 23:33:17.671331+00:00
526,24GIV005,Givenchy,,,FCA,2025-03-16 00:00:00+00:00,2025-04-01 00:00:00+00:00,,,P400171,Chaine de telephone GWP 25 ,10000.0,291.0,0.79,,32.0,,Union Source,Shenzhen,Shenzhen,Shenzhen,2025-04-01 00:00:00+00:00,,to Japan,167197,,,NaN,NaN,ORDER_INFO,2026-01-25 23:33:17.671331+00:00
527,24GUE101,Guerlain,,,DDP,2025-02-25 00:00:00+00:00,2025-04-04 00:00:00+00:00,#REF! ,,7424254231, COF OI 25 SET DISCOVERY H2 WW  ,5024.0,,6.56,,314.0,,PTA,Chartres,Shenzhen,Dunkerque,2025-04-28 00:00:00+00:00,,CMA CGM ALEXANDER VON HUMBOLDT,25-0232,100.25.04.0004,,NaN,NaN,ORDER_INFO,2026-01-25 23:33:17.671331+00:00
528,25GUE003,Guerlain,,,DDP,2025-04-01 00:00:00+00:00,2025-04-04 00:00:00+00:00,#REF! ,,G607532,Inst 22 Pochon AOG reorder ,120000.0,2200.0,14.25,,500.0,,Rinco,Garancières,Shanghai,Brussels,2025-04-14 00:00:00+00:00,,2 vols,25-0226,600.25.03.0013 // 600.25.03.0010,,NaN,NaN,ORDER_INFO,2026-01-25 23:33:17.671331+00:00
529,24GUE033,Guerlain,,,DDP,2025-04-01 00:00:00+00:00,2025-04-04 00:00:00+00:00,#REF! ,,7424263181, TROUSS AB/ROY 25 COF ,23399.0,2457.0,22.74,,1170.0,,YCD,Chartres,Shenzhen,CDG,2025-04-14 00:00:00+00:00,,NaN,25-0227,,,NaN,NaN,ORDER_INFO,2026-01-25 23:33:17.671331+00:00
530,24CAH008,Carolina Herrera,,,DDP,2025-03-08 00:00:00+00:00,2025-04-18 00:00:00+00:00,,,65214049, HC MUP MAKE UP MIRROR GWP L2 ,2250.0,85.0,0.28,,10.0,,Union Source,Barcelona,Shenzhen,Barcelona,2025-05-05 00:00:00+00:00,,MSC AMELIA,25-0258,SHKG118607 ,,NaN,NaN,ORDER_INFO,2026-01-25 23:33:17.671331+00:00
531,24YSL044,YSL,,,FCA,2025-03-20 00:00:00+00:00,2025-04-23 00:00:00+00:00, #REF! ,,LG028101,YSL MYSLF PHONE RING S2 25 FCA ,11720.0,186.0,0.45,,35.0,,Union Source,HK,Shenzhen,HK,2025-04-20 00:00:00+00:00,,NaN,167319,,,NaN,NaN,ORDER_INFO,2026-01-25 23:33:17.671331+00:00
532,24YSL045,YSL,,,DDP,2025-04-18 00:00:00+00:00,2025-04-25 00:00:00+00:00,#REF! ,,LG028000, YSL MYSLF GREY TOWEL S2 25 ,7423.0,,49.54,,743.0,,Docofil,Roye,Portugal,Roye,2025-04-20 00:00:00+00:00,,NaN,25-0240,,,NaN,NaN,ORDER_INFO,2026-01-25 23:33:17.671331+00:00
533,24PAC014,Paco Rabanne,,,DDP,2025-03-17 00:00:00+00:00,2025-04-28 00:00:00+00:00,157,,6522816,RABANNE POUCH MEDIUM HD25 ,1350.0,150.0,0.57,,15.0,,Yijiahao,Barcelona,Shenzhen,Rotterdam,2025-05-10 00:00:00+00:00,,EVER GIFTED,1150,100.25.04.0018,,NaN,NaN,ORDER_INFO,2026-01-25 23:33:17.671331+00:00
534,24PAC015,Paco Rabanne,,,DDP,2025-03-17 00:00:00+00:00,2025-04-28 00:00:00+00:00,1252.9,,65200498,PR CORP TOTEBAG ,7740.0,1247.0,5.41,,215.0,,Yijiahao,Barcelona,Shenzhen,Rotterdam,2025-06-01 00:00:00+00:00,,EVER GIFTED,25-0276,100.25.04.0018,,NaN,NaN,ORDER_INFO,2026-01-25 23:33:17.671331+00:00
535,25GUE007,Guerlain,,,DDP,2025-05-02 00:00:00+00:00,2025-05-02 00:00:00+00:00,,,7424222090, SUED+PINC 30ML FDT OI 21 V2 ,5184.0,168.0,0.71,,24.0,,Emeihua,Chartres,Shenzhen,CDG,2025-05-12 00:00:00+00:00,,NaN,25-0263,,,NaN,NaN,ORDER_INFO,2026-01-25 23:33:17.671331+00:00
536,24ARM008,Armani,,,DDP,2025-04-04 00:00:00+00:00,2025-05-08 00:00:00+00:00,76.1,,LG113600-1, SLEEVES FOR GA ADVENT CALENDAR H25 ,4208.0,495.0,1.33,,43.0,,PTA,Roye,Shenzhen,Dunkerque,,,APL RAFFLES --> APL MERLION,bl 025-0268,200.25.05.0018,,NaN,NaN,ORDER_INFO,2026-01-25 23:33:17.671331+00:00
537,24VAR002,Viktor & Rolf,,,DDP,2025-04-04 00:00:00+00:00,2025-05-08 00:00:00+00:00,3510,,LG063401, FLB LUX SET EDP100+EDP20+BL50+BC40 ,3000.0,3500.0,37.01,,1000.0,,PTA,Roye Via EXW SCN,Shenzhen,Dunkerque,2025-05-12 00:00:00+00:00,,APL MERLION,25-0252,200.25.05.0014,,NaN,NaN,ORDER_INFO,2026-01-25 23:33:17.671331+00:00
538,25GUE008,Guerlain,,,DDP,2025-05-06 00:00:00+00:00,2025-05-09 00:00:00+00:00,,,7424222090, SUED+PINC 30ML FDT OI 21 V2 ,5184.0,168.0,0.71,,24.0,,Emeihua,Chartres,Shenzhen,CDG,2025-05-19 00:00:00+00:00,,vol HU0757,25-0278,,,NaN,NaN,ORDER_INFO,2026-01-25 23:33:17.671331+00:00
539,24TMG002,Thierry Mugler,,,DDP,2025-04-02 00:00:00+00:00,2025-05-13 00:00:00+00:00,57.5,,LF158201,MU BA BELT XXS-XL ,303.0,46.0,0.21,,7.0,,Kanrow,Roye,Shenzhen,Rotterdam,2025-05-20 00:00:00+00:00,2025-05-16 00:00:00+00:00,EVER GLOBE --> EVER AEON,25-0300,100.25.05.0006,,NaN,NaN,ORDER_INFO,2026-01-25 23:33:17.671331+00:00
540,24GUE102,Guerlain,,,DDP,2025-04-02 00:00:00+00:00,2025-05-13 00:00:00+00:00,2310.2,,7424259498,COF OI 25 IMPERIAL RITUAL SET H2 WW  ,4052.0,2383.0,11.89,,406.0,,PTA,Chartres,Shenzhen,Rotterdam,2025-05-23 00:00:00+00:00,,EVER GLOBE --> EVER AEON,25-0284,100.25.05.0006,,NaN,NaN,ORDER_INFO,2026-01-25 23:33:17.671331+00:00
541,24VAL008,Valentino,,,DDP,2025-04-02 00:00:00+00:00,2025-05-13 00:00:00+00:00,78.6,,LF208304, VLTN WHITE POUCH LA COLLECTION 25 DDP ,3563.0,78.0,0.36,,15.0,,Vipin,Roye,Shenzhen,Rotterdam,2025-05-28 00:00:00+00:00,2025-05-22 00:00:00+00:00,EVER GLOBE --> EVER AEON,25-0304,100.25.05.0006,,NaN,NaN,ORDER_INFO,2026-01-25 23:33:17.671331+00:00
542,24NIN002,Nina Ricci,,,DDP,2025-04-02 00:00:00+00:00,2025-05-13 00:00:00+00:00,681.5,,65221642,NR NEW FEM RE 25 GPW L2 ,15696.0,665.0,4.93,,109.0,,YCD,Barcelona,Shenzhen,Rotterdam,2025-06-04 00:00:00+00:00,,EVER GLOBE --> EVER AEON,25-0306,100.25.05.0007,,NaN,NaN,ORDER_INFO,2026-01-25 23:33:17.671331+00:00
543,24THR002,Tommy Hifilger,,,DDP,2025-04-02 00:00:00+00:00,2025-05-13 00:00:00+00:00,1751.4,,5018540,TH Tommy GENERIC POUCH GWP ,12500.0,1750.0,11.78,,250.0,,YCD,Italy,Shenzhen,Rotterdam,2025-05-20 00:00:00+00:00,,EVER AEON,25-0285,100.25.05.0020,,NaN,NaN,ORDER_INFO,2026-01-25 23:33:17.671331+00:00
544,24VAL006,Valentino,,,DDP,2025-04-10 00:00:00+00:00,2025-05-13 00:00:00+00:00,85.4,,LG113000-2,VLTN SPIKE 600A + 123R + 134R H25 - FOLDING BOXES ,4639.0,46.0,0.3,,16.0,,Qsun,Roye Via EXW SCN,Shenzhen,Dunkerque,2025-06-20 00:00:00+00:00,,CMA CGM BOUGAINVILLE,bl 025-038,200.25.05.0023,,NaN,NaN,ORDER_INFO,2026-01-25 23:33:17.671331+00:00
545,24VAL007,Valentino,,,DDP,2025-04-10 00:00:00+00:00,2025-05-13 00:00:00+00:00,11.9,,LF747100,VLTN V-LOGO BA PIN ,782.0,12.0,0.07,,4.0,,Super Power Ind,Roye,Shenzhen,Dunkerque,2025-06-20 00:00:00+00:00,2025-05-27 00:00:00+00:00,CMA CGM BOUGAINVILLE,25-0403,200.25.05.0023,,NaN,NaN,ORDER_INFO,2026-01-25 23:33:17.671331+00:00
546,25DIO001,Dior,,,NaN,2025-05-14 00:00:00+00:00,2025-05-16 00:00:00+00:00,,,C925800005,BEAUT ANIM TOP NOIR H XL INT24 ,25.0,,0.0,,,,MPM,NaN,Portugal,St Jean De Braye,2025-07-01 00:00:00+00:00,,NaN,25-0279,,,NaN,NaN,ORDER_INFO,2026-01-25 23:33:17.671331+00:00
547,25DOG001,D&G,,,DDP,2025-06-15 00:00:00+00:00,2025-05-16 00:00:00+00:00,#REF! ,,P1DV9073, MY DEVOTION EDPI GWP L1 ,50000.0,6300.0,52.14,,1000.0,,Shui Fung,Calvenzano (IT),Shenzhen,Brussels,2025-05-30 00:00:00+00:00,,en vrac - ,bl 25-0292/293/294,600.25.05.0010,,NaN,NaN,ORDER_INFO,2026-01-25 23:33:17.671331+00:00
548,25CLA002,Clarins,,,DDP,2025-04-11 00:00:00+00:00,2025-05-20 00:00:00+00:00,#REF! ,,80122639, CLARINS KEY RING HOLIDAY SEASON ,3890.0,112.0,1.52,,65.0,,Yiwu,Glisy,Shanghai,Dunkerque,2025-06-15 00:00:00+00:00,,APL TEMASEK,25-0326,100.25.05.0033,,NaN,NaN,ORDER_INFO,2026-01-25 23:33:17.671331+00:00
549,25DIO002,Dior,,,DDP,2025-05-16 00:00:00+00:00,2025-05-22 00:00:00+00:00,,,E300000110, D/INSTIT SLIPPERS HOMMES INT24 ,1000.0,549.0,4.82,,67.0,,Docofil,St Jean De Braye,Portugal,St Jean de Braye,2025-05-16 00:00:00+00:00,,NaN,25-0289,,,NaN,NaN,ORDER_INFO,2026-01-25 23:33:17.671331+00:00
550,24GUE029,Guerlain,,,DDP,2025-05-13 00:00:00+00:00,2025-05-23 00:00:00+00:00,#REF! ,,7424255118,Trousse Maxigift AR L3 ,7150.0,,3.11,,120.0,,Rinco,Singapore,Shanghai,Singapore,2025-05-26 00:00:00+00:00,,VSL/VOY: DEBUSSY V.041KDW,TBC FARIDA,,,NaN,NaN,ORDER_INFO,2026-01-25 23:33:17.671331+00:00
551,25PAC001,Paco Rabanne,,,DDP,2025-04-19 00:00:00+00:00,2025-05-28 00:00:00+00:00,1736.7,,65200483,PR CORP SMALL POUCH ,27054.0,1720.0,5.45,,167.0,,Yijiahao,Castellar,Shenzhen,Rotterdam,2025-07-07 00:00:00+00:00,,EVER GIVEN,25-0349,100.25.05.0037,,NaN,NaN,ORDER_INFO,2026-01-25 23:33:17.671331+00:00
552,24YSL037,YSL,,,DDP,2025-04-19 00:00:00+00:00,2025-06-02 00:00:00+00:00,#REF! ,,LF951700, YSL GIFTSET XMAS 25 MEN POUCH ,20598.0,,22.03,,937.0,,Kanrow,Italy,Shenzhen,Rotterdam,2025-06-20 00:00:00+00:00,2025-06-17 00:00:00+00:00,EVER GIVEN,25-0360 & 361,100.25.05.0038,,NaN,NaN,ORDER_INFO,2026-01-25 23:33:17.671331+00:00
862,26YSL001,YSL,,,DDP,,,,,LB162300,MU BELT 2019/2020 ,2851.0,902.0,3.55,,110.0,,Shui Fung,Ury (77),Shenzhen,NaN,2026-06-19 00:00:00+00:00,,NaN,,,,NaN,NaN,ORDER_INFO,2026-01-25 23:33:17.671331+00:00
553,24JPF002,Jean Paul Gaultier,,,DDP,2025-04-19 00:00:00+00:00,2025-06-02 00:00:00+00:00,664.7,,15179283,JPG GD EDP 100ML COFFRET COLLECTOR HD 25 ,1899.0,646.0,5.2,,633.0,,PTA,Chaulnes,Shenzhen,Rotterdam,2025-06-06 00:00:00+00:00,,EVER GIVEN,25-0341,100.25.05.0036,,NaN,NaN,ORDER_INFO,2026-01-25 23:33:17.671331+00:00
554,24COA007,Coach,,,DDP,2025-04-19 00:00:00+00:00,2025-06-02 00:00:00+00:00,272.7,,CC024G01.28,"COACH DREAMS 4 SPRAY PURSE VAPO 7,5ml GWP S2 25 ",15150.0,275.0,2.32,,64.0,,YCD,Incarville,Shenzhen,Rotterdam,2025-06-30 00:00:00+00:00,,EVER GIVEN,25-0348,100.25.05.0036,,NaN,NaN,ORDER_INFO,2026-01-25 23:33:17.671331+00:00
555,24LAC002,Lacoste,,,DDP,2025-04-24 00:00:00+00:00,2025-06-04 00:00:00+00:00,1060.8,,LC017G01.28, TROUSSE LCS ORIGINAL FP. SPRAY GWP S2 25 ,35350.0,1105.0,6.23,,221.0,,YCD SZ,Saran,Shenzhen,Rotterdam,2025-06-15 00:00:00+00:00,,EVER ART,25-0364,100.25.06.0009,,NaN,NaN,ORDER_INFO,2026-01-25 23:33:17.671331+00:00
556,24PEN006,Penhaligon'S,,,DDP,2025-04-24 00:00:00+00:00,2025-06-04 00:00:00+00:00,510.4,,65224085, PEN XMAS 25 PICK & MIX POUCH ,5160.0,532.0,3.33,,86.0,,YCD,Castellar,Shenzhen,Rotterdam,2025-06-20 00:00:00+00:00,,EVER ART,25-0344,100.25.06.0010,,NaN,NaN,ORDER_INFO,2026-01-25 23:33:17.671331+00:00
557,25BUR004,Burberry,,,FCA,2025-05-25 00:00:00+00:00,2025-06-05 00:00:00+00:00,,,99350176303, BBY B6 EDP GIFT SGG PINS BA TOOL 23 IV ,6550.0,57.0,0.08,,7.0,,JMS,HK,Shenzhen,NaN,2025-05-06 00:00:00+00:00,,NaN,167357,,,NaN,NaN,ORDER_INFO,2026-01-25 23:33:17.671331+00:00
558,24PEN004,Penhaligon'S,,,DDP,2025-04-26 00:00:00+00:00,2025-06-16 00:00:00+00:00,#REF! ,,65223355,PEN EVERGREEN LION RED SCARF GWP ,15900.0,753.0,2.61,,106.0,,Union Source,Castellar,Ningbo,Dunkerque,2025-07-01 00:00:00+00:00,,EVER ARIA,25-0393,100.25.06.0016,,NaN,NaN,ORDER_INFO,2026-01-25 23:33:17.671331+00:00
559,25GUE004,Guerlain,,,DDP,2025-04-30 00:00:00+00:00,2025-06-16 00:00:00+00:00,67.9,,G643764, A&M 23 sampling kit vide ,500.0,65.0,0.48,,21.0,,PTA,Garancières,Shenzhen,Rotterdam,2025-06-11 00:00:00+00:00,,EVER ARIA,25-0367,100.25.06.0022,,NaN,NaN,ORDER_INFO,2026-01-25 23:33:17.671331+00:00
560,25GUE005,Guerlain,,,DDP,2025-04-30 00:00:00+00:00,2025-06-16 00:00:00+00:00,270,,G611620,A&M 23 AOG EMPTY CASE 6*50ML EXTRAITS ,200.0,294.0,2.3,,200.0,,PTA,Garancières,Shenzhen,Rotterdam,2025-06-18 00:00:00+00:00,,EVER ARIA,25-0367,100.25.06.0022,,NaN,NaN,ORDER_INFO,2026-01-25 23:33:17.671331+00:00
561,24PAC010,Paco Rabanne,,,DDP,2025-04-30 00:00:00+00:00,2025-06-16 00:00:00+00:00,1588.5,,15182083,ADVENT CALENDAR RABANNE 2025 ,584.0,1483.0,11.45,,292.0,,PTA,Barcelona,Shenzhen,Rotterdam,2025-06-23 00:00:00+00:00,,EVER ARIA,25-0359,100.25.06.0023,,NaN,NaN,ORDER_INFO,2026-01-25 23:33:17.671331+00:00
562,25GUE006,Guerlain,,,DDP,2025-04-30 00:00:00+00:00,2025-06-16 00:00:00+00:00,52,,7424264300,ECRIN EXT A&M 26 PLAQUE BK ,1200.0,52.0,0.25,,10.0,,PTA,Orphin,Shenzhen,Rotterdam,2025-07-08 00:00:00+00:00,,EVER ARIA,25-0368,100.25.06.0022,,NaN,NaN,ORDER_INFO,2026-01-25 23:33:17.671331+00:00
563,24GUE031,Guerlain,,,DDP,2025-05-01 00:00:00+00:00,2025-06-17 00:00:00+00:00,#REF! ,,G643961,INST 25 TROUSSE AUTOMNE S ,49590.0,,50.41,,2480.0,,Rinco,Garancières,Shanghai,Dunkerque,2025-07-09 00:00:00+00:00,,APL VANDA,25-0399 / 25-0400 / 25-0412,200.25.06.0048,,NaN,NaN,ORDER_INFO,2026-01-25 23:33:17.671331+00:00
564,24JCH001,Jimmy Choo,,,DDP,2025-05-03 00:00:00+00:00,2025-06-17 00:00:00+00:00,1106.5,,CH017A10.31,  ,28280.0,,0.0,,,,PTA,Honfleur,Shenzhen,Dunkerque,2025-06-23 00:00:00+00:00,,APL VANDA,25-0384,200.25.06.0039,,NaN,NaN,ORDER_INFO,2026-01-25 23:33:17.671331+00:00
565,24ARM009,Armani,,,DDP,2025-05-03 00:00:00+00:00,2025-06-17 00:00:00+00:00,741.7,,LG099900, GA AP LES EAUX DISCOVERY SET H25 ,4490.0,5565.0,6.4,,749.0,,PTA,Roye,Shenzhen,Dunkerque,2025-06-27 00:00:00+00:00,2025-06-13 00:00:00+00:00,APL VANDA,25-0385,200.25.06.0039,,NaN,NaN,ORDER_INFO,2026-01-25 23:33:17.671331+00:00
566,25OPR001,L'Oreal TR,,,DDP,2025-05-03 00:00:00+00:00,2025-06-17 00:00:00+00:00,311.1,,TM11504, POUCH I AM WORTH IT REPT ,14000.0,306.0,1.85,,47.0,,Yijiahao,Fresnoy Le Grand,Shenzhen,Dunkerque,2025-07-07 00:00:00+00:00,,APL VANDA,25-0380,200.25.06.0039,,NaN,NaN,ORDER_INFO,2026-01-25 23:33:17.671331+00:00
567,24LAN003,Lancôme,,,DDP,2025-05-04 00:00:00+00:00,2025-06-17 00:00:00+00:00,#REF! ,,LG070500-2,LC ADVENT CALENDAR INTER X25 sleeve ,10890.0,1047.0,2.91,,91.0,,PTA,Conches en Ouches (27),Shenzhen,Dunkerque,,,APL VANDA,25-0330 + 25-0331 + 25-0332,200.25.06.0037,,NaN,NaN,ORDER_INFO,2026-01-25 23:33:17.671331+00:00
568,24LTR001,Lancôme TR,,,DDP,2025-06-18 00:00:00+00:00,2025-06-19 00:00:00+00:00,,,TM11680,POUCH LCM SUMMER TREX ,1600.0,119.0,1.32,,34.0,,Yijiahao,Flers En Escredieux (59),Shenzhen,Brussels,2025-06-23 00:00:00+00:00,2025-05-02 00:00:00+00:00,NaN,25-0365,600.25.06.0007,,NaN,NaN,ORDER_INFO,2026-01-25 23:33:17.671331+00:00
569,25GUE009,Guerlain,,,DDP,2025-05-22 00:00:00+00:00,2025-06-22 00:00:00+00:00,168,,7424222090, SUED+PINC 30ML FDT OI 21 V2 ,5184.0,168.0,0.71,,24.0,,Emeihua,Chartres,Shenzhen,Rotterdam,2025-07-04 00:00:00+00:00,,EVER ALOT,25-0398,100.25.06.0067,,NaN,NaN,ORDER_INFO,2026-01-25 23:33:17.671331+00:00
570,25LTR001,Lancôme TR,,,DDP,2025-05-22 00:00:00+00:00,2025-06-22 00:00:00+00:00,171.3,,TM11692,SLEEVE LCM LVEB 15 ML TR ,10000.0,168.0,1.09,,56.0,,Shui Fung,Fresnoy Le Grand,Shenzhen,Rotterdam,2025-07-13 00:00:00+00:00,,EVER ALOT,25-0410,100.25.06.0067,,NaN,NaN,ORDER_INFO,2026-01-25 23:33:17.671331+00:00
571,25LAC001,Lacoste,,,DDP,2025-05-22 00:00:00+00:00,2025-06-22 00:00:00+00:00,416.7,,LCZPA028,LACOSTE GWP WOMAN TOILETRY POUCH 2025 MX,5000.0,428.0,3.77,,84.0,,YCD,Criquebeuf Sur Seine,Shenzhen,Rotterdam,2025-07-30 00:00:00+00:00,,EVER ALOT,25-0420,100.25.06.0067,,NaN,NaN,ORDER_INFO,2026-01-25 23:33:17.671331+00:00
572,25GUE010,Guerlain,,,DDP,2025-05-22 00:00:00+00:00,2025-06-27 00:00:00+00:00,,,G607532, Inst 22 Pochon AOG reorder ,96000.0,1760.0,11.4,,400.0,,Rinco,Garancières,Shanghai,Dunkerque,2025-07-09 00:00:00+00:00,,CMA-CGM VASCO DE GAMA,25-0400,200.25.06.0053,,NaN,NaN,ORDER_INFO,2026-01-25 23:33:17.671331+00:00
573,25HRN001,Helena Rubinstein,,,FCA,2025-06-02 00:00:00+00:00,2025-07-07 00:00:00+00:00,#REF! ,,LB885004, NAME BADGE HR ,320.0,16.0,0.06,,2.0,,Beaut Premium,HK,Shenzhen,NaN,2025-06-20 00:00:00+00:00,,NaN,DEMANDE DE BL ENVOYE A FARIDA LE 08/07,,,NaN,NaN,ORDER_INFO,2026-01-25 23:33:17.671331+00:00
574,24GIV009,Givenchy,,,FCA,2025-06-16 00:00:00+00:00,2025-07-08 00:00:00+00:00,#REF! ,,P790658, TROUSSE SCINTILLANTE NOEL25 ,6048.0,932.0,9.62,,252.0,,Shui Fung,Shenzhen,Shenzhen,Shenzhen,2025-07-01 00:00:00+00:00,,To Japan,167538,,,NaN,NaN,ORDER_INFO,2026-01-25 23:33:17.671331+00:00
575,24YSL048,YSL,,,FCA,2025-06-06 00:00:00+00:00,2025-07-11 00:00:00+00:00,#REF! ,,LG028401, YSL XMAS HAIR CLIP S2 25 FCA ,49043.0,2495.0,10.01,,409.0,,Union Source,HK,Shenzhen,NaN,2025-06-20 00:00:00+00:00,,NaN,DEMANDE DE BL FAITE A FARIDA,,,NaN,NaN,ORDER_INFO,2026-01-25 23:33:17.671331+00:00
576,24PAC007,Paco Rabanne,,,DDP,2025-05-27 00:00:00+00:00,2025-07-14 00:00:00+00:00,#REF! ,,15180740,INV 50+DEO150+MG10 PULP HD25 T2 ,3840.0,500.0,10.35,,160.0,,PTA,Barcelona,Shenzhen,Barcelona,2025-07-17 00:00:00+00:00,,MSC AMBRA,25-0432,SHKG121341,,NaN,NaN,ORDER_INFO,2026-01-25 23:33:17.671331+00:00
577,25PEN003,Penhaligon'S,,,DDP,2025-06-03 00:00:00+00:00,2025-07-14 00:00:00+00:00,,,65244789,PEN LITTLE LUXURY POUCH ,3040.0,131.0,0.44,,19.0,,Yijiahao,Barcelona,Shenzhen,Dunkerque,2025-08-01 00:00:00+00:00,,APL FULLERTON,25-0446,100.25.07.0037,,NaN,NaN,ORDER_INFO,2026-01-25 23:33:17.671331+00:00
578,25LPG004,LPG,,,DDP,2025-06-04 00:00:00+00:00,2025-07-16 00:00:00+00:00,,,102776100, Lot 5 Cuillères doseuses 2025 ,1000.0,207.0,0.79,,17.0,,Union Source,Monteleger (26760),Shenzhen,Rotterdam,2025-07-25 00:00:00+00:00,,EVER GREET,REV 125-0438,100.25.07.0020,,NaN,NaN,ORDER_INFO,2026-01-25 23:33:17.671331+00:00
579,25YSL003,YSL,,,DDP,2025-06-04 00:00:00+00:00,2025-07-16 00:00:00+00:00,#REF! ,,LG204500, YSL VD 26 MIRROR DDP ,23000.0,1124.0,1.46,,154.0,,Union Source,Italy,Shenzhen,Rotterdam,2025-07-18 00:00:00+00:00,2025-06-30 00:00:00+00:00,EVER GREET,25-0435,100.25.07.0019,,NaN,NaN,ORDER_INFO,2026-01-25 23:33:17.671331+00:00
580,24PAC001,Paco Rabanne,,,DDP,2025-06-07 00:00:00+00:00,2025-07-21 00:00:00+00:00,#REF! ,,65215373,FDM / FDP 25 Tin box T3 ,15921.0,10667.0,76.82,,5307.0,,PTA,Barcelona,Shenzhen,Barcelona,2025-07-28 00:00:00+00:00,,MSC GULSUN,1199,SHKG121586,,NaN,NaN,ORDER_INFO,2026-01-25 23:33:17.671331+00:00
581,24PEN005,Penhaligon'S,,,DDP,2025-06-08 00:00:00+00:00,2025-07-23 00:00:00+00:00,4336.9,,65229194,PEN EVERGREEN LION TOTEBAG (PACK1) ,13608.0,4309.0,22.37,,567.0,,Yijiahao,Castellar,Shenzhen,Rotterdam,2025-07-23 00:00:00+00:00,,EVER ACT,25-0436,100.25.07.0017,,NaN,NaN,ORDER_INFO,2026-01-25 23:33:17.671331+00:00
673,24GUE015,Guerlain,,,DDP,2025-02-21 00:00:00+00:00,,,,G643965,CRM 25 Masque nuit ,100.0,16.0,0.12,,7.0,,YCD,Shanghai,Shenzhen,Shanghai,2024-11-27 00:00:00+00:00,,NaN,25-0154,,,NaN,NaN,ORDER_INFO,2026-01-25 23:33:17.671331+00:00
582,25GUE011,Guerlain,,,DDP,2025-06-08 00:00:00+00:00,2025-07-23 00:00:00+00:00,255,,7424232914, SPAT CURE 23 OI BLACK 4X15 ML - reorder ,2040.0,255.0,1.01,,34.0,,PTA,Chartres,Shenzhen,Rotterdam,2025-07-30 00:00:00+00:00,,EVER ACT,25-0447,100.25.07.0016,,NaN,NaN,ORDER_INFO,2026-01-25 23:33:17.671331+00:00
583,25CAH001,Carolina Herrera,,,DDP,2025-06-08 00:00:00+00:00,2025-07-23 00:00:00+00:00,600.8,,65204970, HC MUP CANVAS POUCH GWP L1 ,22176.0,686.0,2.88,,66.0,,Shui Fung,Barcelona,Shenzhen,Rotterdam,2025-08-11 00:00:00+00:00,,EVER ACT,BL 1200,100.25.07.0016,,NaN,NaN,ORDER_INFO,2026-01-25 23:33:17.671331+00:00
584,24BUR012,Burberry,,,FOB,2025-07-08 00:00:00+00:00,2025-07-23 00:00:00+00:00,#REF! ,,99350250667, BBY MULT GIFT WP POUCH  VDAY CNY 26IV,11000.0,1651.0,25.32,,688.0,,Shui Fung,Yantian,Yantian,Yantian,2025-07-23 00:00:00+00:00,,To Charleston,167536,,,NaN,NaN,ORDER_INFO,2026-01-25 23:33:17.671331+00:00
585,25AZZ002,Azzaro,,,DDP,2025-06-19 00:00:00+00:00,2025-07-25 00:00:00+00:00,1470.9,,LF637805,AZZ GENERIC TOILETRY BAGS 25 DDP UK ,8000.0,1360.0,9.92,,400.0,,Yijiahao,Roye,Shenzhen,Dunkerque,2025-08-20 00:00:00+00:00,2025-08-05 00:00:00+00:00,APL SINGAPURA,25-0458,200.25.07.0044,,NaN,NaN,ORDER_INFO,2026-01-25 23:33:17.671331+00:00
586,25JPG002,Jean Paul Gaultier,,,DDP,2025-06-19 00:00:00+00:00,2025-07-25 00:00:00+00:00,659.2,,65222169,JPG CORPORATE POUCH - M ,14640.0,622.0,2.58,,61.0,,YCD,Castellar,Shenzhen,Dunkerque,2025-08-26 00:00:00+00:00,,APL SINGAPURA,,200.25.07.0043,,NaN,NaN,ORDER_INFO,2026-01-25 23:33:17.671331+00:00
587,25GUE013,Guerlain,,,DDP,2025-06-10 00:00:00+00:00,2025-07-28 00:00:00+00:00,#REF! ,,G607532,Inst 22 Pochon AOG reorder ,80000.0,1470.0,9.52,,334.0,,Rinco,Garancières,Shanghai,Rotterdam,2025-08-06 00:00:00+00:00,,EVER APEX,25-0451,100.25.08.0002,,NaN,NaN,ORDER_INFO,2026-01-25 23:33:17.671331+00:00
588,24PAF004,Paco Rabanne,,,DDP,2025-06-19 00:00:00+00:00,2025-07-28 00:00:00+00:00,,,15180803,PHANT 100+DEO150 PULP HD25 T2 ,9792.0,1306.0,26.4,,408.0,,PTA,Chaulnes,Shenzhen,Dunkerque,2025-08-04 00:00:00+00:00,,APL SINGAPURA,25-0449,200.25.07.0042,,NaN,NaN,ORDER_INFO,2026-01-25 23:33:17.671331+00:00
589,25GIV002,Givenchy,,,DDP,2025-08-06 00:00:00+00:00,2025-08-08 00:00:00+00:00,,,P300289,L'INTERDIT PARFUM 25 BOX INFLUENCEUR ,20.0,10.0,0.05,,2.0,,PTA,Paris,Shenzhen,NaN,2025-08-13 00:00:00+00:00,,NaN,X,600.25.08.0002,,NaN,NaN,ORDER_INFO,2026-01-25 23:33:17.671331+00:00
590,25AZZ003,Azzaro,,,DDP,2025-07-08 00:00:00+00:00,2025-08-18 00:00:00+00:00,,,LF637804, AZZ GENERIC TOILETRY POUCH DDP  ,10855.0,1846.0,14.65,,543.0,,Yijiahao,Barcelona,Shenzhen,Rotterdam,2025-08-20 00:00:00+00:00,2025-08-20 00:00:00+00:00,EVER aim,25-0485,100.25.08.0063,,NaN,NaN,ORDER_INFO,2026-01-25 23:33:17.671331+00:00
591,25DOG003,D&G,,,DDP,2025-07-04 00:00:00+00:00,2025-08-29 00:00:00+00:00,,,P1TO9009, THE ONE MAL GWP LEVEL 2 ,18600.0,8556.0,133.03,,1860.0,,Grand Source,Calvenzano (IT),Xiamen,Zeebruge,2025-09-01 00:00:00+00:00,,CLCS VENUS,OK MAJ BL Dynamics,200.25.08.0039,,NaN,NaN,ORDER_INFO,2026-01-25 23:33:17.671331+00:00
592,25BIO002,Biotherm,,,DDP,2025-07-04 00:00:00+00:00,2025-08-29 00:00:00+00:00,#REF! ,,LG165001,GREEN WATER BOTTLE US 1L ,6332.0,1426.0,15.19,,528.0,,Beaut Premium,Salles-d’Angles,Ningbo,Dunkerque,2025-09-01 00:00:00+00:00,2025-09-04 00:00:00+00:00,APL MERLION =>CMA CGM BOUGAINVILLE,25-0527 & 25-0528 => EXPV-000089 + EXPV-000092 => EXPV-000100 + EXPV-000101,200.25.08.0035,,NaN,NaN,ORDER_INFO,2026-01-25 23:33:17.671331+00:00
593,25DOG002,D&G,,,DDP,2025-07-28 00:00:00+00:00,2025-09-11 00:00:00+00:00,,,P1TO9006,THE ONE FEMALE GWP LEVEL 1 ,66555.0,9536.0,58.7,,1280.0,,Yiwu,Calvenzano (IT),Shanghai,Rotterdam,2025-09-01 00:00:00+00:00,,EVER ART,25-0515 / EXPV-000067,200.25.09.0021,,NaN,NaN,ORDER_INFO,2026-01-25 23:33:17.671331+00:00
594,25COA002,Coach,,,DDP,2025-08-02 00:00:00+00:00,2025-09-11 00:00:00+00:00,2910.4,,CC023C05.28,TR CCH W.GOLD PARF90+BL100+TR S1 26 ,28280.0,2908.0,28.22,,786.0,,Vipin,Chaulnes,Shenzhen,Rotterdam,2025-10-15 00:00:00+00:00,,EVER ACME,EXPV-000012,100.25.09.0033,,NaN,NaN,ORDER_INFO,2026-01-25 23:33:17.671331+00:00
595,25YSL006,YSL,,,DDP,2025-08-08 00:00:00+00:00,2025-09-11 00:00:00+00:00,6029.8,,LG259400, YSL YSL SPRING 26 GIFTSET MIRROR  ,61696.0,6022.0,4.24,,772.0,,Union  Source,Italy,Shenzhen,Rotterdam,2025-09-01 00:00:00+00:00,2025-09-17 00:00:00+00:00,EVER ART,25-0537 / EXPV-000066,200.25.09.0058,,NaN,NaN,ORDER_INFO,2026-01-25 23:33:17.671331+00:00
596,25COA001,Coach,,,DDP,2025-08-08 00:00:00+00:00,2025-09-11 00:00:00+00:00,358.7,,CC004C48.28USA,TR WFLORAL CF EDP90+BL100+7.5+TR S1US26 ,12221.0,361.0,1.31,,41.0,,Yijiahao,Incarville,Shenzhen,Rotterdam,2025-09-30 00:00:00+00:00,,EVER ART,EXPV-000016,200.25.09.0057,,NaN,NaN,ORDER_INFO,2026-01-25 23:33:17.671331+00:00
597,25GUE022,GUERLAIN,,,DDP,2025-08-15 00:00:00+00:00,2025-09-23 00:00:00+00:00,168,,7424222090, SUED+PINC 30ML FDT OI 21 V2 ,5184.0,168.0,0.71,,24.0,,Meihua,Chartres,Shenzhen,Rotterdam,2025-09-12 00:00:00+00:00,,EVER ARIA,EXPV-000072,100.25.09.0053,,NaN,NaN,ORDER_INFO,2026-01-25 23:33:17.671331+00:00
598,25YSL005,YSL,,,DDP,2025-08-15 00:00:00+00:00,2025-09-23 00:00:00+00:00,260.9,,LF488801,YSL ZEBRA LOVE LEATHER PATCH 1FOR10 ,1970.0,265.0,1.37,,42.0,,Vipin,Roye,Shenzhen,Rotterdam,2025-09-20 00:00:00+00:00,2025-09-24 00:00:00+00:00,EVER ARIA,EXPV-000080,100.25.09.0056,,NaN,NaN,ORDER_INFO,2026-01-25 23:33:17.671331+00:00
599,25GUE026,Guerlain,,,DDP,2025-08-15 00:00:00+00:00,2025-09-23 00:00:00+00:00,320.4,,7424235498,COF 20ML CR/YX UL/PREM OI BLACK 24 RECH ,1000.0,,1.44,,84.0,,PTA,Chartres,Shenzhen,Rotterdam,2025-09-26 00:00:00+00:00,,EVER ARIA,EXPV-000077,100.25.09.0055,,NaN,NaN,ORDER_INFO,2026-01-25 23:33:17.671331+00:00
600,25CLA006,Clarins,,,DDP,2025-08-15 00:00:00+00:00,2025-09-23 00:00:00+00:00,1507.7,,80124694,EMPTY PURSE SEEDS OF BEAUTY ,31405.0,1512.0,9.45,,315.0,,YCD,Glisy,Shenzhen,Rotterdam,2025-10-15 00:00:00+00:00,,EVER ARIA,BL EXPV-0125 (puis refait BL EXPV-000159),100.25.09.0052,,NaN,NaN,ORDER_INFO,2026-01-25 23:33:17.671331+00:00
601,25PEN004,Penhaligon'S,,,DDP,2025-08-11 00:00:00+00:00,2025-09-29 00:00:00+00:00,,,65229491,PEN RAMADAN 26 LE SCARF ( PACK 1 ) GWP ,3000.0,146.0,0.49,,20.0,,Union Source,Barcelona,Ningbo,Rotterdam,2025-10-15 00:00:00+00:00,,EVER ARIA,25-0538,100.25.09.0048,,NaN,NaN,ORDER_INFO,2026-01-25 23:33:17.671331+00:00
602,25LAC002,LACOSTE,,,DDP,2025-08-23 00:00:00+00:00,2025-10-02 00:00:00+00:00,,,LC010C01.28,Trousse Booster - reorder ,12120.0,1010.0,9.08,,202.0,,YCD,Saran,Shenzhen,Rotterdam,2025-10-10 00:00:00+00:00,,EVER ARM,EXPV-000102,100.25.10.0001,,NaN,NaN,ORDER_INFO,2026-01-25 23:33:17.671331+00:00
603,25GUE023,Guerlain,,,DDP,2025-08-24 00:00:00+00:00,2025-10-12 00:00:00+00:00,302.4,,7424259041,COF 4X15ML CURE OI BLACK 23 V3 ,1008.0,,1.97,,84.0,,PTA,Chartres,Shenzhen,Rotterdam,2025-10-10 00:00:00+00:00,,EVER MEGA,EXPV-000131,200.25.10.0011,,NaN,NaN,ORDER_INFO,2026-01-25 23:33:17.671331+00:00
604,25OPR002,L'Oreal TR,,,DDP,2025-09-02 00:00:00+00:00,2025-10-13 00:00:00+00:00,,,TM11742,SLEEVE GA TRAVEL SPRAY 10ML TR ,9000.0,251.0,0.95,,49.0,,Qsun,Fresnoy Le Grand,Shenzhen,Anvers,2025-10-20 00:00:00+00:00,,EVER ALOT,EXPV-000127,100.25.10.0039,,NaN,NaN,ORDER_INFO,2026-01-25 23:33:17.671331+00:00
605,25LTR002,Lancôme TR,,,DDP,2025-09-02 00:00:00+00:00,2025-10-13 00:00:00+00:00,,,TM11797,VAPO ADJUSTED SLEEVE ,10000.0,146.0,1.2,,56.0,,Shui fung,Fresnoy Le Grand,Shenzhen,Anvers,2025-10-31 00:00:00+00:00,,EVER ALOT,EXPV-000126,100.25.10.0038,,NaN,NaN,ORDER_INFO,2026-01-25 23:33:17.671331+00:00
606,25DOG004,D&G,,,DDP,2025-09-20 00:00:00+00:00,2025-10-20 00:00:00+00:00,,,P1DO9008,DOLCE 2026 TOTTLE BAG GWP ,30833.0,4565.0,17.36,,643.0,,Yijiahao,Calvenzano (IT),Shenzhen,Rotterdam,2025-11-01 00:00:00+00:00,,EVER ATOP,,200.25.10.0026,,NaN,NaN,ORDER_INFO,2026-01-25 23:33:17.671331+00:00
607,25JPF002,Jean Paul Gauthier,,,DDP,,,,,15189168,  ,36000.0,,,,,,NaN,Chaulnes,NaN,NaN,2026-04-24 00:00:00+00:00,,NaN,,,,NaN,NaN,ORDER_INFO,2026-01-25 23:33:17.671331+00:00
608,25JPF005,Jean Paul Gauthier,,,Superga,2026-02-13 00:00:00+00:00,,,,15189286,0,300.0,,,,,,DDP,NaN,NaN,NaN,,,NaN,,,,NaN,NaN,ORDER_INFO,2026-01-25 23:33:17.671331+00:00
609,25DOG005,D&G,,,DDP,2025-09-14 00:00:00+00:00,2025-10-22 00:00:00+00:00,,,P1DO9020,DOLCE 2026 FLOWER DECO KIT  ,155.0,,2.28,,155.0,,Qsun,Calvenzano (IT),Shenzhen,Rotterdam,2025-10-31 00:00:00+00:00,,EVER GREET,EXPV-000171,100.25.10.0062,,NaN,NaN,ORDER_INFO,2026-01-25 23:33:17.671331+00:00
610,25LAN001,Lancôme,,,DDP,2025-10-20 00:00:00+00:00,2025-10-22 00:00:00+00:00,,,LE725703,LC SLIPPERS ,796.0,184.0,1.52,,23.0,,Neiper,Roye,NaN,NaN,2025-10-20 00:00:00+00:00,,NaN,EXPV-000162 - FEX 00L16055 - Résa 59480671 => EXPV-000211 - New FEX 00L16131 Résa 59813587 => EXPV-000231 - FEX 00L16131 Résa 60038180 + FACTVE-000116,,,NaN,NaN,ORDER_INFO,2026-01-25 23:33:17.671331+00:00
778,25ARM034,Armani,,,DDP,2026-03-12 00:00:00+00:00,,,,LG370200,NaN,24130.0,,0.0,,,,DOCOFIL,NaN,NaN,NaN,,,NaN,,,,NaN,NaN,ORDER_INFO,2026-01-25 23:33:17.671331+00:00
611,25CAH002,Carolina Herrera,,,DDP,2025-09-19 00:00:00+00:00,2025-10-25 00:00:00+00:00,,,65240325,CH LOYALTY BLACK POUCH GIFT L3 ,9996.0,774.0,4.0,,119.0,,YCD,Shenzhen,Shenzhen,Rotterdam,2025-12-01 00:00:00+00:00,,EVER GREET,25-0552,100.25.10.0060,,NaN,NaN,ORDER_INFO,2026-01-25 23:33:17.671331+00:00
612,25JPG004,Jean Paul Gaultier,,,DDP,2025-10-25 00:00:00+00:00,2025-10-26 00:00:00+00:00,,,15162325,La Belle broderie 50ML EDP ,63000.0,290.0,1.63,,42.0,,PTA,Vedole di Colorno (IT),Shenzhen,CDG,2025-11-03 00:00:00+00:00,,vol MF825/25.OCT,25-0542,731-9848 1541,,NaN,NaN,ORDER_INFO,2026-01-25 23:33:17.671331+00:00
613,25PEN001,Penhaligon'S,,,DDP,2025-09-19 00:00:00+00:00,2025-10-27 00:00:00+00:00,471.5,,15185781,PEN E-COM EXCLU TIN BOX GWP26 ,3045.0,461.0,2.12,,64.0,,PTA,Barcelona,Shenzhen,Rotterdam,2025-10-22 00:00:00+00:00,,EVER GREET,EXPV-000172,100.25.10.0059,,NaN,NaN,ORDER_INFO,2026-01-25 23:33:17.671331+00:00
614,25BRO001,Byredo,,,DDP,2025-09-28 00:00:00+00:00,2025-11-07 00:00:00+00:00,,,65238188,BYR TOTE BAG LE26 ,16611.0,5893.0,36.64,,791.0,,YCD,Saran,Shenzhen,Rotterdam,2025-11-24 00:00:00+00:00,,EVER ACT,25-0551,100.25.11.0002 & 0011,,NaN,NaN,ORDER_INFO,2026-01-25 23:33:17.671331+00:00
615,25PAC010,Paco Rabanne,,,DDP,2025-09-28 00:00:00+00:00,2025-11-07 00:00:00+00:00,,,65220033,CORPO OLYMPEA POUCH FOR TRAVEL KIT L4 ,5075.0,306.0,1.09,,47.0,,Yijiahao,Barcelona,Shenzhen,Rotterdam,2025-12-01 00:00:00+00:00,,EVER ACT,25-0549,100.25.11.0005,,NaN,NaN,ORDER_INFO,2026-01-25 23:33:17.671331+00:00
616,25GUE030,Guerlain,,,DDP,2025-11-10 00:00:00+00:00,2025-11-11 00:00:00+00:00,,,7424262731,COF 4*15ML REFILL CURE oi BLACK 25 ,1000.0,146.0,0.98,,32.0,,PTA,Chartres,Shenzhen,Le Havre,2025-11-14 00:00:00+00:00,,NaN,EXPV-000224,,,NaN,NaN,ORDER_INFO,2026-01-25 23:33:17.671331+00:00
617,25DOG008,D&G,,,DDP,2025-10-05 00:00:00+00:00,2025-11-14 00:00:00+00:00,,,P3SF9011,2026 GWP HAIRCLIPS ,15000.0,,2.02,,84.0,,Yiwu,Calvenzano (IT),Shanghai,Le Havre,2025-12-01 00:00:00+00:00,,CMA CGM MONTMARTRE,,SSHA149540,,NaN,NaN,ORDER_INFO,2026-01-25 23:33:17.671331+00:00
618,25DOG009,D&G,,,DDP,2025-10-10 00:00:00+00:00,2025-11-14 00:00:00+00:00,,,P2SF9005,BOLD LOOK PR KIT 2026 ,1572.0,,14.31,,262.0,,Vipin,Calvenzano (IT),Shenzhen,Le Havre,2025-11-28 00:00:00+00:00,,CMA CGM MONTMARTRE,,SHKG126002,,NaN,NaN,ORDER_INFO,2026-01-25 23:33:17.671331+00:00
619,25DVF002,Davidoff,,,FOB,2025-11-19 00:00:00+00:00,2025-11-19 00:00:00+00:00,,,99350268054,DAV CL EL RD M GIFT CE2 HIGH 26IV ,3470.0,1676.0,10.85,,174.0,,Rinco,Shanghai,Shanghai,Shanghai,2025-11-23 00:00:00+00:00,,"FOB SH to Hamburg, DE - PO 9005965-1",EXPV-000241,,,NaN,NaN,ORDER_INFO,2026-01-25 23:33:17.671331+00:00
620,25LAN031,Lancôme,,,DDP,2025-10-27 00:00:00+00:00,2025-12-01 00:00:00+00:00,,,LG479100,LC YOUTH FINDER 2.0 BELT ,397.0,102.0,0.84,,20.0,,Shui Fung,Roye,Shenzhen,Le Havre,2025-12-01 00:00:00+00:00,2025-12-17 00:00:00+00:00,MSC ANNAMARIA => CMA CGM ANTOINE DE SAINT EXUPERY => MSC FATMA,EXPV-000398,SLEH041946  / SHKG126306,,NaN,NaN,ORDER_INFO,2026-01-25 23:33:17.671331+00:00
621,25CLA005,CLARINS,,,DDP,2025-10-19 00:00:00+00:00,2025-11-24 00:00:00+00:00,,,80124690,TROUSSE VIDE MYCLARINS ,15288.0,512.0,3.02,,128.0,,Yijiahao,Glisy,Shenzhen,Rotterdam,2025-12-18 00:00:00+00:00,,EVER GIFTED,,EN ATTENTE,,NaN,NaN,ORDER_INFO,2026-01-25 23:33:17.671331+00:00
622,25JPG003,Jean Paul Gaultier,,,DDP,2025-10-29 00:00:00+00:00,2025-12-15 00:00:00+00:00,,,65238092,JPG VEST FEM GWP L4 TOTE BAG ,17634.0,,71.5,,980.0,,RINCO,Castellar,Shanghai,Barcelona,2026-01-02 00:00:00+00:00,,APL MEXICO,25-0675,SSHA149528,,NaN,NaN,ORDER_INFO,2026-01-25 23:33:17.671331+00:00
623,25GUE035,GUERLAIN,,,DDP,2025-12-26 00:00:00+00:00,2026-01-27 00:00:00+00:00,,,7424235498,COF 20ML CR/YX UL/PREM OI BLACK 24 RECH ,2500.0,,3.57,,209.0,,PTA,Chartres,Shenzhen,Le Havre,2026-02-06 00:00:00+00:00,,CMA CGM VENDOME,,0FMLGW1MA,25GUE035,CELYA,MORAD,ORDER_INFO,2026-01-25 23:33:17.671331+00:00
624,25GUE029,Guerlain,,,DDP,2025-10-24 00:00:00+00:00,2025-12-08 00:00:00+00:00,,,7424222090, SUED+PINC 30ML FDT OI 21 V2 ,5400.0,175.0,0.74,,25.0,,Meihua,Chartres,Shenzhen,Le Havre,2025-12-12 00:00:00+00:00,,NaN,EXPV-000337,,,NaN,NaN,ORDER_INFO,2026-01-25 23:33:17.671331+00:00
625,25YSL019,YSL,,,FCA,2025-12-30 00:00:00+00:00,,,,L8472526, YSL S1 26 -  MINI POWDER BRUSH FCA ,21824.0,617.0,3.21,,199.0,,Beauty Yaurient,HK,Shenzhen,NaN,2025-12-20 00:00:00+00:00,,OK Cargo receipt 15/01,BL EXPV-000420,,,NaN,NaN,ORDER_INFO,2026-01-25 23:33:17.671331+00:00
626,25PAC004,Paco Rabanne,,,DDP,2025-08-22 00:00:00+00:00,2025-10-06 00:00:00+00:00,,,65239661,PR MUP ZEBRA POUCH WINTER SPRING 26 ,4608.0,947.0,8.21,,256.0,,YCD SZ,Barcelona,Shenzhen,Barcelona,2026-01-02 00:00:00+00:00,,CMA CGM PALAIS ROYAL,25-0655,SHKG124658,,NaN,NaN,ORDER_INFO,2026-01-25 23:33:17.671331+00:00
627,25JPF004,Jean Paul Gaultier,,,DDP,2025-11-07 00:00:00+00:00,2025-12-11 00:00:00+00:00,,,15184310,JPG CL EDT 50ML + BL 75ML MET COFF MD26 ,6408.0,,31.75,,2136.0,,PTA,Chaulnes,Shenzhen,Le Havre,2025-12-22 00:00:00+00:00,,CMA CGM LOUIS BLERIOT,EXPV-000336,SHKG126917,,NaN,NaN,ORDER_INFO,2026-01-25 23:33:17.671331+00:00
628,25PAC006,Paco Rabanne,,,DDP,2025-10-24 00:00:00+00:00,2025-11-30 00:00:00+00:00,,,65240397,RABANNE CORPORATE MD POUCH 26 L3 ,50652.0,7316.0,33.95,,938.0,,Yijiahao,Barcelona,Shenzhen,Barcelona,2026-01-02 00:00:00+00:00,,CMA CGM JULES VERNE,25-0656,SHKG126297,,NaN,NaN,ORDER_INFO,2026-01-25 23:33:17.671331+00:00
629,25PAC007,Paco Rabanne,,,DDP,2025-10-18 00:00:00+00:00,2025-11-30 00:00:00+00:00,,,65240366,INVICTUS 26 CORPO GWP L3 CROSSBODY ,18438.0,4390.0,23.82,,439.0,,Yijiahao,Castellar,Shenzhen,Barcelona,2026-01-02 00:00:00+00:00,,CMA CGM JULES VERNE,25-0655 + 25-0666,SHKG126155,,NaN,NaN,ORDER_INFO,2026-01-25 23:33:17.671331+00:00
630,25PAC008,Paco Rabanne,,,DDP,2025-10-19 00:00:00+00:00,2025-11-30 00:00:00+00:00,,,65240823,INVICTUS RE26 GWP BACKPACK L3 ,47664.0,10635.0,61.94,,993.0,,Grand Source,Castellar,Xiamen,Barcelona,2026-01-02 00:00:00+00:00,,CMA CGM JULES VERNE,25-0654 + 25-0655,SXIA017661,,NaN,NaN,ORDER_INFO,2026-01-25 23:33:17.671331+00:00
631,25PAC009,Paco Rabanne,,,DDP,2025-11-03 00:00:00+00:00,2025-12-13 00:00:00+00:00,,,65215733,RABANNE CORPO MGFH POUCH GWP L3,36855.0,6893.0,62.33,,1365.0,,Kanrow,Barcelona,Shenzhen,Barcelona,2026-01-02 00:00:00+00:00,,APL CHANGI,25-0663 + 25-0664,SHKG126473,,NaN,NaN,ORDER_INFO,2026-01-25 23:33:17.671331+00:00
632,25ELS001,Elie Saab,,,DDP,2025-11-07 00:00:00+00:00,2025-12-10 00:00:00+00:00,,,ES000017,ES 2026 INSTITUTIONAL L HOMME POUCH GWP ,10400.0,1683.0,15.46,,306.0,,YIJIAHAO,Parma (IT),Shenzhen,Le Havre,2026-01-13 00:00:00+00:00,,CMA CGM LOUIS BLERIOT,EXPV-000529,0FML0W1MA,,NaN,NaN,ORDER_INFO,2026-01-25 23:33:17.671331+00:00
633,25PAC005,Paco Rabanne,,,DDP,2025-11-07 00:00:00+00:00,2025-12-11 00:00:00+00:00,,,65239959,PHANTOM 26 GWP CORPO TRAVEL POUCH L3 ,9072.0,1966.0,12.42,,252.0,,Yijiahao,Barcelona,Shenzhen,Le Havre,2026-01-02 00:00:00+00:00,,CMA CGM LOUIS BLERIOT,25-0658,SHKG126761,,NaN,NaN,ORDER_INFO,2026-01-25 23:33:17.671331+00:00
634,25PAC011,Paco Rabanne,,,DDP,2025-10-27 00:00:00+00:00,2025-12-01 00:00:00+00:00,,,65200483,PR CORP SMALL POUCH ,16038.0,1020.0,3.23,,99.0,,Yijiahao,Castellar,Shenzhen,Le Havre,2026-01-02 00:00:00+00:00,,MSC FATMA,25-0658,SLEH041946,,NaN,NaN,ORDER_INFO,2026-01-25 23:33:17.671331+00:00
635,25COA005,Coach,,,DDP,2025-11-07 00:00:00+00:00,2025-12-12 00:00:00+00:00,,,CC026V06,CCH WOMAN CHERRY PARFUM BRACELETS X10 ,1200.0,96.0,0.55,,30.0,,Union Source,Criquebeuf Sur Seine,Shenzhen,Le Havre,2026-01-15 00:00:00+00:00,,CMA CGM LOUIS BLERIOT,,SHKG126721,,NaN,NaN,ORDER_INFO,2026-01-25 23:33:17.671331+00:00
636,25PAC002,Paco Rabanne,,,DDP,2025-10-27 00:00:00+00:00,2025-12-01 00:00:00+00:00,,,65236794,SLEEVE PACO RABANNE PHANTHOM RE 2026 ,29779.0,382.0,1.37,,98.0,,Yijiahao,Barcelona,Shenzhen,Le Havre,2026-01-02 00:00:00+00:00,,MSC FATMA,25-0658,SHKG126204 / SLEH041946,,NaN,NaN,ORDER_INFO,2026-01-25 23:33:17.671331+00:00
637,25ATB001,Antonio Banderas,,,DDP,2025-11-06 00:00:00+00:00,2025-12-14 00:00:00+00:00,,,65227792,AB GWP LEVEL 3#Duffle Bag ,23135.0,5242.0,27.51,,661.0,,NaN,Cabanillas,NaN,Barcelona,2026-01-07 00:00:00+00:00,,MSC ALLEGRA,25-0660 / 0662,GJ542W - SHKG126978,,NaN,NaN,ORDER_INFO,2026-01-25 23:33:17.671331+00:00
638,24JPG017,Jean Paul Gaultier,,,DDP,2025-11-06 00:00:00+00:00,2025-12-16 00:00:00+00:00,,,15184330,JPG SC HER EDP 50ML BL75ML MET COFF MD26 ,11784.0,8406.0,69.07,,3928.0,,PTA,Canovelles,Shenzhen,Barcelona,2025-12-22 00:00:00+00:00,,MSC ALLEGRA,25-0555 + 25-0556,SHKG126908,,NaN,NaN,ORDER_INFO,2026-01-25 23:33:17.671331+00:00
639,25DOG007,D&G,,,DDP,2025-11-09 00:00:00+00:00,2025-12-17 00:00:00+00:00,,,P1LB9079,LB EDP BEACH BAG GWP ,50000.0,,74.94,,926.0,,Grand Source,New York,Xiamen,NY,2025-12-15 00:00:00+00:00,,NaN,,,,NaN,NaN,ORDER_INFO,2026-01-25 23:33:17.671331+00:00
640,25MBC001,Mont Blanc,,,DDP,2025-11-04 00:00:00+00:00,2025-12-13 00:00:00+00:00,,,MBZPA379USA,MBC GEN. GWP TOILETRY POUCH USA S1 25 ,10000.0,1436.0,13.53,,334.0,,Vipin,New York,Shenzhen,NY,2026-01-19 00:00:00+00:00,,ZIM XIAMEN,DN 505468,SZXJNYC22132660,,NaN,NaN,ORDER_INFO,2026-01-25 23:33:17.671331+00:00
641,25CAH004,Carolina Herrera,,,DDP,2025-11-19 00:00:00+00:00,2025-12-29 00:00:00+00:00,,,65227710,CH LE MB 26 GWP L3 FEM ,10476.0,,4.97,,97.0,,Union Source,Castellar,Ningbo,Le Havre,2026-01-14 00:00:00+00:00,,CMA CGM COMP,BL 25-0667,,,NaN,NaN,ORDER_INFO,2026-01-25 23:33:17.671331+00:00
642,25ROC002,Rochas,,,DDP,2025-11-06 00:00:00+00:00,2025-12-11 00:00:00+00:00,,,RC037G01,ROC AUDACE 2 EVENING BAG GWP 26 ,27800.0,6926.0,50.42,,773.0,,Vipin,Criquebeuf Sur Seine,Shenzhen,Le Havre,2026-01-19 00:00:00+00:00,,CMA CGM BLERIOT,EXPV-000458 + EXPV-000459 + EXPV-000460,SHKG126964,,NaN,NaN,ORDER_INFO,2026-01-25 23:33:17.671331+00:00
643,25GUE024,Guerlain,,,DDP,2025-11-25 00:00:00+00:00,2025-12-29 00:00:00+00:00,,,7424235489,COF 30ML SER OI BLACK 24 RECH,1500.0,,2.87,,125.0,,PTA,Chartres,Shenzhen,Rotterdam,2025-01-09 00:00:00+00:00,,EVER ART,expv-000527,200.25.12.0043,,NaN,NaN,ORDER_INFO,2026-01-25 23:33:17.671331+00:00
644,25CAH003,Carolina Herrera,,,DDP,2025-11-25 00:00:00+00:00,2025-12-29 00:00:00+00:00,,,65242897,HC MUP TRAFFIC STOPPER STICKERS ,13800.0,143.0,0.52,,23.0,,Union Source,Castellar,Shenzhen,Rotterdam,2026-01-09 00:00:00+00:00,,EVER ART,25-06669,200.25.12.0042,,NaN,NaN,ORDER_INFO,2026-01-25 23:33:17.671331+00:00
645,25GUE032,GUERLAIN,,,DDP,2025-11-25 00:00:00+00:00,2025-12-29 00:00:00+00:00,,,G610456,ADV 22 AOG BOITE 3X220GR BGI VIDE ,300.0,,1.87,,100.0,,PTA,GARANCIERES,Shenzhen,Rotterdam,2026-01-14 00:00:00+00:00,,EVER ART,EXPV-000528,200.25.12.0043,,NaN,NaN,ORDER_INFO,2026-01-25 23:33:17.671331+00:00
646,25JPG005,Jean Paul Gaultier,,,DDP,2025-11-25 00:00:00+00:00,2025-12-29 00:00:00+00:00,,,15162325,La Belle broderie 50ML EDP ,50000.0,235.0,1.32,,34.0,,PTA,Vedole di Colorno (IT),Shenzhen,Rotterdam,2026-01-16 00:00:00+00:00,,EVER ART,BL EXPV-000001,200.25.12.0042,,NaN,NaN,ORDER_INFO,2026-01-25 23:33:17.671331+00:00
647,25ROC001,Rochas,,,DDP,2025-11-07 00:00:00+00:00,2025-12-11 00:00:00+00:00,,,RCZPA062,ROC LARGE TOTE BAG GWP 26 ,45200.0,12704.0,71.89,,1507.0,,Rinco,Criquebeuf Sur Seine,Shenzhen,Le Havre,2026-01-19 00:00:00+00:00,,CMA CGM LOUIS BLERIOT,EXPV-000498 +  EXPV-000499 +  EXPV-000500,SHKG126577,,NaN,NaN,ORDER_INFO,2026-01-25 23:33:17.671331+00:00
648,25LAR001,L'Artisan Parfumeur ,,,DDP,2025-11-25 00:00:00+00:00,2025-12-31 00:00:00+00:00,,,65240413,LAP GWP 112 ANNIVERSARY CANDLES ,5700.0,228.0,0.9,,38.0,,Beaut Premium,Castellar,Shenzhen,Rotterdam,,,EVER ART,,200.25.12.0044,,NaN,NaN,ORDER_INFO,2026-01-25 23:33:17.671331+00:00
649,24DIO011,Dior,,,DDP,2025-01-10 00:00:00+00:00,,,,NaN,  ,3583.0,,0.0,,,,MPM,St Jean De Braye,Portugal,NaN,2025-01-15 00:00:00+00:00,,NaN,25-0089,,,NaN,NaN,ORDER_INFO,2026-01-25 23:33:17.671331+00:00
650,24LPG002,LPG,,,DDP,2025-01-15 00:00:00+00:00,,#REF! ,,102783400,TROUSSE CORPS 2025 ,80.0,13.0,0.1,,4.0,,YCD,Monteleger (26760),Shenzhen,CDG,2025-02-03 00:00:00+00:00,,NaN,25-0101,,,NaN,NaN,ORDER_INFO,2026-01-25 23:33:17.671331+00:00
651,25BUR001,Burberry,,,FOB,2025-01-26 00:00:00+00:00,,#REF! ,,99350225911,BBY MULT GWP MALE POUCH NEW DESIGN ,500.0,58.0,0.92,,25.0,,Shui Fung,Shenzhen,Shenzhen,Shenzhen,2025-01-26 00:00:00+00:00,,"To Frankfurt, DE by air",25-0084,instructions envoyées le 15/1,,NaN,NaN,ORDER_INFO,2026-01-25 23:33:17.671331+00:00
652,24LPG003,LPG,,,DDP,2025-03-02 00:00:00+00:00,,#REF! ,,102783600, PINCEAU SILICONE 2025 ,75.0,7.0,0.02,,1.0,,Union Source,Valence (26902),Shenzhen,NaN,2025-04-02 00:00:00+00:00,,NaN,24-0222,,,NaN,NaN,ORDER_INFO,2026-01-25 23:33:17.671331+00:00
653,24GIV006,Givenchy,,,FCA,2025-03-15 00:00:00+00:00,,,,P400162, Trousse iconique Rouge GWP 25 ,1002.0,246.0,3.5,,42.0,,Vipin,Shenzhen,Shenzhen,Shenzhen,2025-04-01 00:00:00+00:00,,to Japan,167215,,,NaN,NaN,ORDER_INFO,2026-01-25 23:33:17.671331+00:00
654,24GIV004,Givenchy,,,FCA,2025-03-16 00:00:00+00:00,,,,P400170,Porte clés GWP 25 ,4650.0,277.0,1.09,,47.0,,Vipin,Shenzhen,Shenzhen,Shenzhen,2025-04-01 00:00:00+00:00,,to Japan,167216,,,NaN,NaN,ORDER_INFO,2026-01-25 23:33:17.671331+00:00
655,24DIO012,Dior,,,DDP,2025-04-11 00:00:00+00:00,,#REF! ,,E300000185, ANIM TOP H/F 2XL ETE INT25 ,69.0,,0.12,,3.0,,Visao,NaN,Portugal,NaN,2025-04-17 00:00:00+00:00,,NaN,25-0229,,,NaN,NaN,ORDER_INFO,2026-01-25 23:33:17.671331+00:00
656,24GCI002,Gucci,,,FOB,2025-04-15 00:00:00+00:00,,#REF! ,,99350245419,GUCCI FRGML GIFT BRUSH KIT 25IV ,13752.0,1458.0,7.21,,287.0,,Sanjiang,Shenzhen,Shenzhen,Shenzhen,2025-05-10 00:00:00+00:00,,"FOB Yantian to Charleston, USA",167309,,,NaN,NaN,ORDER_INFO,2026-01-25 23:33:17.671331+00:00
657,24BUR005,Burberry,,,FOB,2025-04-15 00:00:00+00:00,,,,99350225912,BBY MULT GIFT SAMP FABRPOUCH N/DESG 25IV ,1000.0,20.0,0.1,,5.0,,Shui Fung,Yantian,Shenzhen,NaN,2025-04-30 00:00:00+00:00,,to Charleston - USA,167308,,,NaN,NaN,ORDER_INFO,2026-01-25 23:33:17.671331+00:00
658,24BUR006,Burberry,,,FOB,2025-04-15 00:00:00+00:00,,,,99350225910,BBY MULT GWP FEMALE POUCH NEW DESIGN ,15350.0,1175.0,28.26,,768.0,,Shui Fung,Yantian,Shenzhen,Shenzhen,2025-04-30 00:00:00+00:00,,"to Barcelona, Spain",167300,,,NaN,NaN,ORDER_INFO,2026-01-25 23:33:17.671331+00:00
659,24GCI001,Gucci,,,FOB,2025-04-25 00:00:00+00:00,,#REF! ,,99350245410,GUCCI FRGML GIFT FESTIVE 26 MP 25IV ,3120.0,355.0,0.98,,39.0,,Beaut Premium,Shenzhen,Shenzhen,NaN,2025-04-25 00:00:00+00:00,,"FOB Yantian to Charleston, USA",167274,,,NaN,NaN,ORDER_INFO,2026-01-25 23:33:17.671331+00:00
660,25LPG001,LPG,,,DDP,2025-05-10 00:00:00+00:00,,,,102786600, TROUSSE FERMETE VISAGE 2025 ,74.0,16.0,0.12,,2.0,,Rinco,Monteleger (26760),Shanghai,NaN,2025-06-02 00:00:00+00:00,,NaN,25-0327,,,NaN,NaN,ORDER_INFO,2026-01-25 23:33:17.671331+00:00
661,25LPG002,LPG,,,DDP,2025-05-15 00:00:00+00:00,,,,102786300,LOT 5 MUGS ISOTHERME ,1.0,5.0,0.03,,1.0,,Beaut Premium,Valence (26902),Shenzhen,NaN,2025-06-03 00:00:00+00:00,,NaN,167343,,,NaN,NaN,ORDER_INFO,2026-01-25 23:33:17.671331+00:00
662,24BUR011,BURBERRY,,,FOB,2025-06-16 00:00:00+00:00,,,,99350248108, BBY MULTIL GIFT GWP MALE POUCH 26 IV ,16250.0,2438.0,37.39,,1016.0,,Shui Fung,Yantian,Shenzhen,Shenzhen,2025-06-30 00:00:00+00:00,,"FOB Yantian to Barcelona, ES",167500,,,NaN,NaN,ORDER_INFO,2026-01-25 23:33:17.671331+00:00
663,24BUR013,Burberry,,,FOB,2025-06-17 00:00:00+00:00,,,,99350248101, BBY HER 8TH GIFT PRFM GWP POUCH FY26IV ,2500.0,375.0,4.6,,125.0,,Shui Fung,Yantian,Yantian,NaN,2025-06-26 00:00:00+00:00,,NaN,25-0409,,,NaN,NaN,ORDER_INFO,2026-01-25 23:33:17.671331+00:00
664,25BUR003,Burberry,,,FOB,2025-06-18 00:00:00+00:00,,,,99350248873, BBY SGN EB EXT GIFT BOT EXTTN POUCH 25IV,4005.0,268.0,2.2,,67.0,,Shui Fung,Shenzhen,Shenzhen,Shenzhen,2025-06-26 00:00:00+00:00,,NaN,167496,,,NaN,NaN,ORDER_INFO,2026-01-25 23:33:17.671331+00:00
665,25GAL001,Galienic,,,DDP,,,,,GAL008, TAPIS COTON ,50.0,,0.0,,,,NaN,Evreux,Portugal,NaN,2025-07-20 00:00:00+00:00,,NaN,25-0426,,,NaN,NaN,ORDER_INFO,2026-01-25 23:33:17.671331+00:00
666,24BUR009,Burberry,,,FOB,2025-01-02 00:00:00+00:00,,,,99350230402,BBY GODD EX3 P GWP TOTE BAG PRFM25IV ,56510.0,22605.0,229.64,,7064.0,,YCD,Shenzhen,Shenzhen,NaN,2024-12-16 00:00:00+00:00,,"To Barcelona, ES",24-0962,Instructions envoyées le 05/12,,NaN,NaN,ORDER_INFO,2026-01-25 23:33:17.671331+00:00
667,24LAN002,Lancôme,,,FCA,2025-01-14 00:00:00+00:00,,#REF! ,,LF633601,LC ABS GOLD GIFTING SILK ROBE FCA ,3348.0,2093.0,8.61,,279.0,,Beaut Premium,Shanghai,Shanghai,Shanghai,2025-01-19 00:00:00+00:00,,NaN,25-0128,,,NaN,NaN,ORDER_INFO,2026-01-25 23:33:17.671331+00:00
668,24BIO002,Biotherm,,,FCA,2025-01-15 00:00:00+00:00,,#REF! ,,LF910701,BIO SUMMER 25 TOTE BAG FCA ,4966.0,1876.0,8.27,,226.0,,Rinco,Shanghai,Shanghai,Shanghai,2025-01-27 00:00:00+00:00,,NaN,25-0138,,,NaN,NaN,ORDER_INFO,2026-01-25 23:33:17.671331+00:00
669,24CLA008,Clarins,,,DDP,2025-01-15 00:00:00+00:00,,,,80109274,PEIGNOIR CLARINS TAILLE 2 ,25.0,,0.33,,5.0,,Neiper,Glisy,Portugal,NaN,2025-01-27 00:00:00+00:00,,NaN,25-0107,,,NaN,NaN,ORDER_INFO,2026-01-25 23:33:17.671331+00:00
670,24BIO001,Biotherm,,,FCA,2025-01-20 00:00:00+00:00,,,,LF915301, BIO 25 ACCESS SCULPT ROLLER FCA  ,860.0,114.0,0.72,,15.0,,Beaut Premium,HK,Shenzhen,NaN,2024-12-20 00:00:00+00:00,,NaN,25-0103,,,NaN,NaN,ORDER_INFO,2026-01-25 23:33:17.671331+00:00
671,24CLA014,Clarins,,,EXW,2025-01-25 00:00:00+00:00,,,,80118556,CLARINS SAC VIDE MARY'S MEALS ,50130.0,,64.49,,1254.0,,Kariwala,India,Calcutta,NaN,2025-02-03 00:00:00+00:00,,NaN,25-0122,,,NaN,NaN,ORDER_INFO,2026-01-25 23:33:17.671331+00:00
672,24CLA016,Clarins,,,EXW,2025-02-13 00:00:00+00:00,,,,80119077,CLARINS SAC CORAIL ,17485.0,3150.0,23.45,,700.0,,YCD,Shenzhen,Shenzhen,Shenzhen,2025-01-20 00:00:00+00:00,,NaN,25-0079 0080 0081,,,NaN,NaN,ORDER_INFO,2026-01-25 23:33:17.671331+00:00
819,25NEU001,Sisley,,,DDP,,,,,920565,  ,41.0,,0.0,,,,VISAO,Ury (77),Portugal,NaN,2025-12-05 00:00:00+00:00,,NaN,EXPV-000292,,,NaN,NaN,ORDER_INFO,2026-01-25 23:33:17.671331+00:00
674,24GUE023,Guerlain,,,DDP,2025-02-21 00:00:00+00:00,,,,G612222,INST 24 SAC CEINTURE  ,200.0,53.0,0.4,,20.0,,Kanrow,Shanghai,Shenzhen,Shanghai,2025-02-12 00:00:00+00:00,,NaN,167177,,,NaN,NaN,ORDER_INFO,2026-01-25 23:33:17.671331+00:00
675,25JPF001,Jean Paul Gaultier,,,DDP,2025-03-15 00:00:00+00:00,,#REF! ,,15162325, La Belle broderie 50ML EDP ,2000.0,14.0,0.08,,2.0,,PTA,Mers les Bains,Shenzhen,CDG,,,only 1 carton,,,,NaN,NaN,ORDER_INFO,2026-01-25 23:33:17.671331+00:00
676,24YSL042,YSL,,,FCA,2025-03-20 00:00:00+00:00,,#REF! ,,LG027801,YSL LIBRE KEYCHAIN S2 25 FCA ,19565.0,774.0,1.19,,89.0,,JMS,HK,Shenzhen,HK,2025-04-20 00:00:00+00:00,,NaN,167224,,,NaN,NaN,ORDER_INFO,2026-01-25 23:33:17.671331+00:00
677,24BIO003,Biotherm,,,DDP,2025-03-21 00:00:00+00:00,,#REF! ,,LG107400,BIO GREEN WATER BOTTLE 1L S1 25 ,20.0,5.0,0.06,,2.0,,Beaut Premium,Levallois,Shanghai,CDG,2025-03-28 00:00:00+00:00,2025-03-21 00:00:00+00:00,NaN,25-0209,,,NaN,NaN,ORDER_INFO,2026-01-25 23:33:17.671331+00:00
678,24CLE003,Chloé,,,FCA,2025-03-25 00:00:00+00:00,,,,99350245558-L, CHL SIGN LE PAR GIFT GWP LP POUCH 25 IV ,240.0,34.0,0.31,,12.0,,Yijiahao,HK,Shenzhen,HK,2025-03-31 00:00:00+00:00,,NaN,167209,,,NaN,NaN,ORDER_INFO,2026-01-25 23:33:17.671331+00:00
679,24CLE004,Chloé,,,FCA,2025-03-30 00:00:00+00:00,,,,99350245562-L, CHL SIGN LE PAR GIFT GWP LP MIRROR 25 IV ,200.0,12.0,0.05,,2.0,,Sanjiang,HK,Shenzhen,HK,2025-03-21 00:00:00+00:00,,NaN,25-0249,,,NaN,NaN,ORDER_INFO,2026-01-25 23:33:17.671331+00:00
680,24YSL041,YSL,,,FCA,2025-03-31 00:00:00+00:00,,,,LG027901,YSL LIBRE BLACK POUCH S2 25 FCA ,39350.0,3887.0,37.24,,984.0,,YCD,HK,Shenzhen,HK,2025-04-20 00:00:00+00:00,,NaN,167591,,,NaN,NaN,ORDER_INFO,2026-01-25 23:33:17.671331+00:00
681,24CLE005,Chloé,,,FCA,2025-03-31 00:00:00+00:00,,#REF! ,,99350245563-L, CHL SIGN LE PAR GIFT LP  KEY CH RET 25IV ,4.0,8.0,0.02,,1.0,,Union Source,HK,Shenzhen,HK,2025-03-31 00:00:00+00:00,,NaN,25-0251,,,NaN,NaN,ORDER_INFO,2026-01-25 23:33:17.671331+00:00
682,24PRL001,Prada,,,FCA,2025-04-21 00:00:00+00:00,, #REF! ,,LG142100,PRA EMPTY CLUTCH H25 FCA ,3000.0,2175.0,6.89,,375.0,,Qsun,HK,Shenzhen,HK,2025-05-20 00:00:00+00:00,,NaN,167589,,,NaN,NaN,ORDER_INFO,2026-01-25 23:33:17.671331+00:00
683,25DVF001,Davidoff,,,FOB,2025-04-27 00:00:00+00:00,,#REF! ,,99350236101-L,DAV CL ELIXR M GIFT WP TOIL SET DVF 25IV ,5300.0,750.0,5.96,,148.0,,Rinco,Barcelona,Shanghai,Shanghai,2025-04-30 00:00:00+00:00,,"to Barcelona, Spain - PO 9005626-1",167275,,,NaN,NaN,ORDER_INFO,2026-01-25 23:33:17.671331+00:00
684,25CER002,Cerruti,,,FOB,2025-04-28 00:00:00+00:00,,#REF! ,,CERPOS0018, REVE DE ROSES POUCH ,6000.0,420.0,4.91,,150.0,,Shui Fung,Shenzhen,Shenzhen,NaN,2025-04-28 00:00:00+00:00,,NaN,BL 167270,,,NaN,NaN,ORDER_INFO,2026-01-25 23:33:17.671331+00:00
685,25CER001,Cerruti,,,FOB,2025-04-28 00:00:00+00:00,,#REF! ,,CERPOS0027, CERRUTI VIVO HOMME WASH BAG GWP 2024 ,15000.0,2375.0,18.22,,625.0,,Yijiahao,Shenzhen,Shenzhen,NaN,2025-04-28 00:00:00+00:00,,NaN,167254,,,NaN,NaN,ORDER_INFO,2026-01-25 23:33:17.671331+00:00
686,25BIO001,Biotherm,,,FCA,2025-05-05 00:00:00+00:00,,#REF! ,,LG167700,BIO FORCE SUPREME DROP CHINA S1 25 ,11264.0,3193.0,28.12,,1878.0,,Beaut Premium,Shanghai,Shanghai,Shanghai,2025-05-12 00:00:00+00:00,,gache étui TBC - 300 pcs,BL167282,,,NaN,NaN,ORDER_INFO,2026-01-25 23:33:17.671331+00:00
687,25MUM001,MIU MIU,,,FCA,2025-05-07 00:00:00+00:00,,#REF! ,,LG111001, MIUMIU GWP BRACELET 2025 FCA ,2100.0,29.0,0.26,,6.0,,Shui Fung,HK,Shenzhen,HK,2025-05-12 00:00:00+00:00,,NaN,tbc,instruction envoyé le 07/05,,NaN,NaN,ORDER_INFO,2026-01-25 23:33:17.671331+00:00
688,24HBS001,Hugo Boss,,,FOB,2025-05-11 00:00:00+00:00,,,,99350233764,HB MULT GIFT GWP CY25 GWP CARDHOLD 25IV ,11500.0,351.0,1.24,,39.0,,Kwong Wah,Shenzhen,Shenzhen,Yantian,2025-05-17 00:00:00+00:00,,To Southampton - UK,167362,,,NaN,NaN,ORDER_INFO,2026-01-25 23:33:17.671331+00:00
689,24MUM002,MIU MIU,,,FCA,2025-05-14 00:00:00+00:00,,#REF! ,,LG109101, MIUMIU POUCH GWP 2025 FCA ,120790.0,7452.0,57.1,,2014.0,,Vipin,HK,Shenzhen,NaN,2025-05-16 00:00:00+00:00,,NaN,167359,,,NaN,NaN,ORDER_INFO,2026-01-25 23:33:17.671331+00:00
690,24PRS001,Precious,,,FCA,2025-05-15 00:00:00+00:00,,#REF! ,,80120801,PRECIOUS TROUSSE ,3840.0,326.0,2.14,,48.0,,Yijiahao,Shenzhen,Shenzhen,NaN,2025-05-30 00:00:00+00:00,,to Singapore,167578,,,NaN,NaN,ORDER_INFO,2026-01-25 23:33:17.671331+00:00
691,24MUM003,MIU MIU,,,FCA,2025-05-18 00:00:00+00:00,,#REF! ,,LG108701, MIUMIU CHARM KIT 1FOR3 FCA ,14536.0,416.0,1.54,,54.0,,Union Source,HK,Shenzhen,HK,2025-05-19 00:00:00+00:00,,NaN,167335,,,NaN,NaN,ORDER_INFO,2026-01-25 23:33:17.671331+00:00
692,24MUM001,MIU MIU,,,FCA,2025-05-18 00:00:00+00:00,,#REF! ,,LG108001, MIUMIU CHARM 1FOR1 GWP USA FCA ,14000.0,176.0,1.6,,65.0,,Union Source,Shenzhen,Shenzhen,HK,2025-05-19 00:00:00+00:00,,NaN,167334,,,NaN,NaN,ORDER_INFO,2026-01-25 23:33:17.671331+00:00
693,24MUM004,MIU MIU,,,FCA,2025-05-20 00:00:00+00:00,,#REF! ,,LG108801, MIUMIU MIRROR GWP 2025 FCA ,40037.0,4075.0,4.38,,668.0,,Union Source,HK,Shenzhen,HK,2025-05-16 00:00:00+00:00,,NaN,167361,,,NaN,NaN,ORDER_INFO,2026-01-25 23:33:17.671331+00:00
694,25FRD001,Fred,,,FCA,2025-05-22 00:00:00+00:00,,,,POCK000011,2024 BEACH POCKET ,2500.0,300.0,1.95,,125.0,,Yijiahao,HK,Shenzhen,NaN,2025-05-22 00:00:00+00:00,,NaN,TBC,,,NaN,NaN,ORDER_INFO,2026-01-25 23:33:17.671331+00:00
695,25LPG003,LPG,,,DDP,2025-05-25 00:00:00+00:00,,,,102815500,PILULIER NUTRI 2025 ,75.0,9.0,0.05,,1.0,,Beaut Premium,Monteleger (26760),Shenzhen,NaN,2025-06-20 00:00:00+00:00,,NaN,25-0450,861101391144,,NaN,NaN,ORDER_INFO,2026-01-25 23:33:17.671331+00:00
696,24LAN011,Lancôme,,,FCA,2025-05-28 00:00:00+00:00,,#REF! ,,LG036001,LC POUCH HOLIDAY 25 FCA ,70905.0,10146.0,89.52,,1970.0,,Yijiahao,HK,Shenzhen,HK,2025-05-20 00:00:00+00:00,,NaN,167345,,,NaN,NaN,ORDER_INFO,2026-01-25 23:33:17.671331+00:00
697,24CLA017,Clarins,,,EXW,2025-05-31 00:00:00+00:00,,,,80123877, CLARINS GREY TOTE BAG ,4400.0,950.0,6.72,,176.0,,YCD,NaN,Shenzhen,NaN,2025-06-15 00:00:00+00:00,,NaN,167481,,,NaN,NaN,ORDER_INFO,2026-01-25 23:33:17.671331+00:00
698,24YSL050,YSL,,,FCA,2025-06-01 00:00:00+00:00,,#REF! ,,LG028801, YSL XMAS CHARM S2 25 FCA ,35213.0,,0.0,,,,Beaut Premium,HK,Shenzhen,NaN,2025-06-20 00:00:00+00:00,,NaN,BL 167484,,,NaN,NaN,ORDER_INFO,2026-01-25 23:33:17.671331+00:00
699,24YSL049,YSL,,,FCA,2025-06-01 00:00:00+00:00,,#REF! ,,LG028301,S2 25 XMAS CERAMIC FCA ,2953.0,55.0,0.2,,10.0,,Beaut Premium,HK,Shenzhen,NaN,2025-06-20 00:00:00+00:00,,NaN,BL 167483,,,NaN,NaN,ORDER_INFO,2026-01-25 23:33:17.671331+00:00
700,24YSL046,YSL,,,FCA,2025-06-02 00:00:00+00:00,,#REF! ,,LF761303, YSL LARGE MEN POUCH S2 25 FCA ,74179.0,10274.0,91.02,,2854.0,,Kanrow,HK,Shenzhen,NaN,2025-06-20 00:00:00+00:00,,NaN,BL 167423,,,NaN,NaN,ORDER_INFO,2026-01-25 23:33:17.671331+00:00
701,24YSL052,YSL,,,FCA,2025-06-02 00:00:00+00:00,,#REF! ,,LF266503,  ,3730.0,,0.0,,,,Union Source,HK,Shenzhen,NaN,,,NaN,,,,NaN,NaN,ORDER_INFO,2026-01-25 23:33:17.671331+00:00
702,25MUM002,MIU MIU,,,FCA,2025-06-07 00:00:00+00:00,,,,LG108002, MIUMIU CHARM 1FOR1 GWP USA FCA  ,10000.0,,0.0,,,,Union Source,Shenzhen,Shenzhen,HK,2025-06-23 00:00:00+00:00,,NaN,167492,,,NaN,NaN,ORDER_INFO,2026-01-25 23:33:17.671331+00:00
703,24CLA019,Clarins,,,EXW,2025-06-08 00:00:00+00:00,,#REF! ,,80122154, CLARINSMEN POUCH HOLIDAY SEASON ,1400.0,127.0,1.11,,24.0,,YCD,Shenzhen,Shenzhen,Factory,2025-06-16 00:00:00+00:00,,NaN,,,,NaN,NaN,ORDER_INFO,2026-01-25 23:33:17.671331+00:00
704,24YSL051,YSL,,,FCA,2025-06-12 00:00:00+00:00,,#REF! ,,LF761403, YSL CLAS FLAT POUCH BLACK S2 25 FCA ,83782.0,6217.0,28.77,,1397.0,,Rinco,Shanghai,Shanghai,Shanghai,2025-06-20 00:00:00+00:00,,NaN,BL 167416,,,NaN,NaN,ORDER_INFO,2026-01-25 23:33:17.671331+00:00
705,25DIO003,DIOR,,,DDP,2025-06-12 00:00:00+00:00,,,,RUS7KC900,  ,50.0,,0.0,,,,Neiper,USA,Portugal,NaN,2025-06-23 00:00:00+00:00,,NaN,25-0347,,,NaN,NaN,ORDER_INFO,2026-01-25 23:33:17.671331+00:00
706,24YSL053,YSL,,,FCA,2025-06-13 00:00:00+00:00,,#REF! ,,LG029801,YSL XMAS 25 WOMEN POUCH GWP FCA ,58821.0,8251.0,60.73,,1226.0,,Vipin,HK,Shenzhen,NaN,2025-06-20 00:00:00+00:00,,NaN,BL 167488 / 167489,,,NaN,NaN,ORDER_INFO,2026-01-25 23:33:17.671331+00:00
707,25GUE002,Guerlain,,,DDP,2025-06-16 00:00:00+00:00,,#REF! ,,G612222, INST 24 SAC CEINTURE  ,186.0,50.0,0.38,,19.0,,Kanrow,Singapore,Shenzhen,NaN,2025-07-09 00:00:00+00:00,,NaN,tbc farida,,,NaN,NaN,ORDER_INFO,2026-01-25 23:33:17.671331+00:00
708,24YSL047,YSL,,,FCA,2025-06-24 00:00:00+00:00,,#REF! ,,LD709215, YSL KABUKI BLACK S2 25 FCA ,5801.0,,1.7,,49.0,,Beauty Yaurient,HK,Shenzhen,HK,2025-06-20 00:00:00+00:00,,NaN,BL 167472 - FSC ?,,,NaN,NaN,ORDER_INFO,2026-01-25 23:33:17.671331+00:00
709,24YSL043,YSL,,,FCA,2025-06-27 00:00:00+00:00,,#REF! ,,LF765003, YSL PREMIUM BLACK POUCH S2 25 FCA ,59985.0,7636.0,64.53,,2727.0,,Shui Fung,HK,Shenzhen,HK,2025-06-20 00:00:00+00:00,,NaN,BL 167427,,,NaN,NaN,ORDER_INFO,2026-01-25 23:33:17.671331+00:00
710,24HBS002,Hugo Boss,,,FOB,2025-07-06 00:00:00+00:00,,#REF! ,,99350254696,HB H KR COLLABGIFT WP MID PRICE 26IV ,9700.0,2394.0,27.67,,647.0,,Union Source,Shanghai,Shanghai,NaN,2025-07-23 00:00:00+00:00,,to NL,167580,,,NaN,NaN,ORDER_INFO,2026-01-25 23:33:17.671331+00:00
711,24GUE030,Guerlain,,,DDP,2025-07-25 00:00:00+00:00,,#REF! ,,7424255120, TROUSSE MAXIGIFT INST 25 OI L4 ,1801.0,278.0,1.99,,91.0,,YCD,Shanghai,Shenzhen,NaN,2025-08-04 00:00:00+00:00,,NaN,TBC FARIDA,,,NaN,NaN,ORDER_INFO,2026-01-25 23:33:17.671331+00:00
712,25COA003,Coach,,,DDP,2025-07-31 00:00:00+00:00,,,,CCZPA189USA,CCH WOM TOTE BAG GWP S1 26 USA ,,,0.0,,,,IE Rui Feng Leather CO,Paris,Phnom Penh,NaN,2025-07-30 00:00:00+00:00,,NaN,25-0474,,,NaN,NaN,ORDER_INFO,2026-01-25 23:33:17.671331+00:00
713,25YSL002,YSL,,,FCA,2025-08-07 00:00:00+00:00,,#REF! ,,LG212601,trousse YSL VDAY 26 GWP FCA ,69659.0,5836.0,40.07,,1742.0,,Kanrow,Shenzhen,Shenzhen,NaN,2025-08-20 00:00:00+00:00,,NaN,BL#167610,,,NaN,NaN,ORDER_INFO,2026-01-25 23:33:17.671331+00:00
714,25ESC001,Escada,,,FOB,2025-08-15 00:00:00+00:00,,#REF! ,,2007052,ESCA PARIS GIFT GWP HIGH PASIONFRUT 26IV ,15379.0,3437.0,42.2,,769.0,,Rinco,Shanghai,Shanghai,NaN,2025-08-15 00:00:00+00:00,,"FOB Shanghaï to Barcelona, ES",167593,,,NaN,NaN,ORDER_INFO,2026-01-25 23:33:17.671331+00:00
715,25YSL004,YSL,,,FCA,2025-08-15 00:00:00+00:00,,,,LF651503, YSL LVP BLAC S FAB POUCH25 1=10 FCA ,2848.0,540.0,1.7,,60.0,,Kanrow,HK,NaN,NaN,2025-08-20 00:00:00+00:00,,NaN,BL#167611,,,NaN,NaN,ORDER_INFO,2026-01-25 23:33:17.671331+00:00
716,25GUE001,Guerlain,,,DDP,2025-08-26 00:00:00+00:00,,#REF! ,,7424262731,COF 4*15ML REFILL CURE oi BLACK 25 ,2500.0,359.0,2.41,,79.0,,PTA,Chartres,Shenzhen,NaN,2025-09-05 00:00:00+00:00,,NaN,25-0222 / EXPV-000005,,,NaN,NaN,ORDER_INFO,2026-01-25 23:33:17.671331+00:00
717,25AZZ004,AZZARO,,,FCA,2025-09-05 00:00:00+00:00,,,,LF637903,AZZ GENERIC BACK PACK FCA S1 26 ,5055.0,3476.0,29.15,,632.0,,YCD,HK,Shenzhen,NaN,2025-09-20 00:00:00+00:00,,NaN,EXPV-000073 => EXPV-000087 ,,,NaN,NaN,ORDER_INFO,2026-01-25 23:33:17.671331+00:00
718,25LPG005,LPG,,,DDP,2025-09-21 00:00:00+00:00,,,,102828700,LOT 5 CORDES A SAUTER 2026 ,1.0,7.0,0.02,,1.0,,Beaut Premium,Valence (26902),Ningbo,NaN,2025-12-01 00:00:00+00:00,,NaN,EXPV-000210,869101404829,,NaN,NaN,ORDER_INFO,2026-01-25 23:33:17.671331+00:00
719,25YSL008,YSL,,,FCA,2025-09-22 00:00:00+00:00,,,,LG258801,YSL S1 26 - Y POUCH FCA ,43107.0,4958.0,64.09,,1437.0,,Vipin,HK,Shenzhen,NaN,2025-10-20 00:00:00+00:00,,NaN,,,,NaN,NaN,ORDER_INFO,2026-01-25 23:33:17.671331+00:00
720,24ARM010,Armani,,,DDP,2025-09-25 00:00:00+00:00,,,,3612624893493,LEAFLET+ENVELOPPE PRIVE MURANO 2025 ,150.0,,0.0,,150.0,,PTA,Roye,Shenzhen,NaN,2025-10-15 00:00:00+00:00,,NaN,,,,NaN,NaN,ORDER_INFO,2026-01-25 23:33:17.671331+00:00
721,25CLA004,CLARINS,,,EXW,2025-10-01 00:00:00+00:00,,,,80124685,TROUSSE VIDE  MAKEUP ,2950.0,,1.04,,37.0,,Yijiahao,Shenzhen,NaN,NaN,2025-11-03 00:00:00+00:00,,NaN,,,,NaN,NaN,ORDER_INFO,2026-01-25 23:33:17.671331+00:00
722,25CLA003,Clarins,,,EXW,2025-10-01 00:00:00+00:00,,,,80124353,TROUSSE VIDE HYDRA ESSENTIEL ,1227.0,69.0,0.58,,13.0,,YCD,Glisy,NaN,NaN,2025-11-03 00:00:00+00:00,,NaN,,,,NaN,NaN,ORDER_INFO,2026-01-25 23:33:17.671331+00:00
723,25YSL007,YSL,,,FCA,2025-10-05 00:00:00+00:00,,,,LG258901,KEYCHAIN ,6900.0,267.0,0.79,,29.0,,Union Source,HK,Shenzhen,NaN,2025-10-20 00:00:00+00:00,,NaN,EXPV-000304,,,NaN,NaN,ORDER_INFO,2026-01-25 23:33:17.671331+00:00
724,25BUR006,Burberry,,,FOB,2025-10-05 00:00:00+00:00,,,,2007316,BBY MULT F GIFT GWP MDAY 26 COMB 26IV ,383.0,16.0,0.04,,2.0,,Beaut Premium,Shenzhen,Shenzhen,NaN,2025-12-20 00:00:00+00:00,,"Barcelona, ES",EXPV-000469,FEDEX : 3968 3645 0735,,NaN,NaN,ORDER_INFO,2026-01-25 23:33:17.671331+00:00
725,25DOG006,D&G,,,DDP,2025-10-05 00:00:00+00:00,,,,P1TO9019,PR KIT NEW DOLCE 2026 EMPTY BOX ,721.0,1012.0,10.74,,241.0,,Qsun,Calvenzano (IT),Shenzhen,NaN,2025-11-03 00:00:00+00:00,,NaN,,,,NaN,NaN,ORDER_INFO,2026-01-25 23:33:17.671331+00:00
726,25CAH005,Carolina Herrera,,,DDP,2025-10-26 00:00:00+00:00,,,,65227865, 212 MEN PARFUM 26 GWP L4 ,9060.0,3700.0,47.11,,755.0,,Yijahao,Barcelona,Shenzhen,Barcelona,2026-01-19 00:00:00+00:00,,CMA CGM KIMBERLEY,,SHKG128279,,NaN,NaN,ORDER_INFO,2026-01-25 23:33:17.671331+00:00
727,25YSL016,YSL,,,FCA,2025-10-29 00:00:00+00:00,,,,LG258701,  ,40133.0,,0.0,,,,Beaut Premium,HK,Shenzhen,NaN,2025-11-20 00:00:00+00:00,,NaN,EXPV-000415,,,NaN,NaN,ORDER_INFO,2026-01-25 23:33:17.671331+00:00
728,25BNT001,Benefit,,,EXW,2025-10-30 00:00:00+00:00,,,,SU2399, Men's Long Sleeve Heart Shirt - XXXXL ,2.0,,0.0,,,,Visao,NaN,PORTUGAL,NaN,2025-10-30 00:00:00+00:00,,NaN,EXPV-000212,,,NaN,NaN,ORDER_INFO,2026-01-25 23:33:17.671331+00:00
729,25GUE017,Guerlain,,,DAP,2025-11-03 00:00:00+00:00,,,,G301095,INST TOTEBAG Y26 ,3500.0,1170.0,14.57,,234.0,,YCD,Shanghai,Shenzhen,NaN,2025-11-12 00:00:00+00:00,,NaN,EXPV-000437,,,NaN,NaN,ORDER_INFO,2026-01-25 23:33:17.671331+00:00
730,25GIV004,Givenchy,,,FCA,2025-11-09 00:00:00+00:00,,,,P300282, MAKE UP CLIPS ,12390.0,,0.0,,,,UNION SOURCE,Shenzhen,Shenzhen,NaN,2025-11-18 00:00:00+00:00,,NaN,EXPV-000294,,,NaN,NaN,ORDER_INFO,2026-01-25 23:33:17.671331+00:00
731,25GIV005,Givenchy,,,FCA,2025-11-09 00:00:00+00:00,,,,P300279, OUTIL DE MASSAGE SOIN 26 ,9010.0,532.0,2.07,,76.0,,BEAUTY PREMIUM,Shenzhen,Shenzhen,NaN,2025-11-18 00:00:00+00:00,,NaN,EXPV-000306,,,NaN,NaN,ORDER_INFO,2026-01-25 23:33:17.671331+00:00
732,25JCH001,Jimmy Choo,,,DDP,2025-11-25 00:00:00+00:00,2026-01-01 00:00:00+00:00,,,CH003G120USA,JCH PINK MAKEUP POUCH GWP 26  ,10000.0,1250.0,9.74,,250.0,,LTD RONG PEI XIN HANDBAGS,New York,SIHANOUKVILLE,NY,2026-01-19 00:00:00+00:00,,GSL NINGBO/13/W,,S6041164580 ,,NaN,NaN,ORDER_INFO,2026-01-25 23:33:17.671331+00:00
733,25AZZ005,AZZARO,,,FCA,2025-11-12 00:00:00+00:00,2026-01-08 00:00:00+00:00,,,LG203402,  ,1000.0,,0.0,,,,Union Source,Shanghai,NaN,NaN,2025-11-22 00:00:00+00:00,,NaN,EXPV-000472,,,NaN,NaN,ORDER_INFO,2026-01-25 23:33:17.671331+00:00
734,25GUE020,GUERLAIN,,,DAP,2025-11-17 00:00:00+00:00,,,,G301086,CRM TROUSSE VIDE Y26 ,700.0,98.0,0.67,,35.0,,Yijiahao,Shanghai,Shenzhen,NaN,2025-11-26 00:00:00+00:00,,NaN,EXPV-000425,,,NaN,NaN,ORDER_INFO,2026-01-25 23:33:17.671331+00:00
735,25ESC002,Escada,,,FOB,2025-11-28 00:00:00+00:00,2025-12-29 00:00:00+00:00,,,2007594, ESCA PARIS GIFTWP LOW RTL YUMYUMSUN 25IV,3100.0,117.0,0.55,,18.0,,Union Source,Ningbo,Ningbo,Ningbo,2025-11-28 00:00:00+00:00,,"FOB Ningbo to Hamburg, DE",EXPV-000284 =>EXPV-000293,,,NaN,NaN,ORDER_INFO,2026-01-25 23:33:17.671331+00:00
736,25VAL009,Valentino,,,DDP,2025-11-24 00:00:00+00:00,,,,LF747100,VLTN V-LOGO BA PIN ,4376.0,62.0,0.36,,20.0,,Hong Kong Super Power IND,Roye,Shenzhen,Le Havre,2026-01-20 00:00:00+00:00,,CMA CGM VENDOME,,EN ATTENTE,25VAL009,NaN,NaN,ORDER_INFO,2026-01-25 23:33:17.671331+00:00
737,26LTR001,L'Oreal TR,,,DDP,,,,,TM11936,  ,17000.0,,0.0,,,,NaN,Flers En Escredieux (59),NaN,NaN,2026-05-20 00:00:00+00:00,,NaN,,,,NaN,NaN,ORDER_INFO,2026-01-25 23:33:17.671331+00:00
738,25ARM031,Armani,,,DDP,2026-12-26 00:00:00+00:00,2026-01-27 00:00:00+00:00,,,LD685701, GA NAME BROOCH /PRI ,510.0,14.0,0.07,1.0,2.0,,Beaut Premium,Roye,Shenzhen,Le Havre,2026-01-20 00:00:00+00:00,,NaN,,EN ATTENTE,25ARM031,NaN,EDOUARD,ORDER_INFO,2026-01-25 23:33:17.671331+00:00
739,25GIV003,Givenchy,,,DDP,2025-12-26 00:00:00+00:00,2026-01-27 00:00:00+00:00,,,K300140,LVMHFB PEN ,853.0,,0.03,,3.0,,Union Source,Beauvais,Shenzhen,Le Havre,2026-02-02 00:00:00+00:00,,CMA CGM VENDOME,,0FMLCGW1MA,25GIV003,NaN,NaN,ORDER_INFO,2026-01-25 23:33:17.671331+00:00
740,25GUE033,GUERLAIN,,,DDP,2025-12-20 00:00:00+00:00,2026-01-27 00:00:00+00:00,,,G607532,Inst 22 Pochon AOG reorder ,80000.0,1470.0,9.52,,334.0,,RINCO,Garancières,Shanghai,Le Havre,2026-01-28 00:00:00+00:00,,CMA CGM CONCORDE,,,25GUE033,HAWA,NaN,ORDER_INFO,2026-01-25 23:33:17.671331+00:00
741,25GIV001,Givenchy,,,DDP,2025-12-26 00:00:00+00:00,2026-01-27 00:00:00+00:00,,,P300257, CEINTURE MUP BCS ,1008.0,194.0,1.23,,36.0,,KANROW,Beauvais,Shenzhen,Le Havre,2026-02-02 00:00:00+00:00,,CMA CGM VENDOME,,0FMLCGW1MA,25GIV001,NaN,NaN,ORDER_INFO,2026-01-25 23:33:17.671331+00:00
742,25LIE001,Lierac,,,DDP,2025-12-19 00:00:00+00:00,2025-01-20 00:00:00+00:00,,,LC6206111WW,TOUSSE VIDE PREMIUM 26 ,24420.0,,45.45,,2035.0,,Rinco,Saint Ouen L'Aumône,Shanghai,Le Havre,2026-01-15 00:00:00+00:00,,CMA CGM LOUVRE,,,,NaN,NaN,ORDER_INFO,2026-01-25 23:33:17.671331+00:00
820,25YSL033,YSL,,,FCA,2026-05-27 00:00:00+00:00,,,,LG612901, YSL HOLIDAY 26 CUBE VANITY FCA  ,20268.0,,0.0,,,,Sanjiang,Ury (77),Shenzhen,NaN,,,NaN,,,,NaN,NaN,ORDER_INFO,2026-01-25 23:33:17.671331+00:00
743,25HRN003,Helena Rubinstein,,,FCA,2025-12-01 00:00:00+00:00,,,,LB885004, NAME BADGE HR ,224.0,8.0,0.03,,1.0,,NINGBO BEAUTY,Shanghai,NaN,NaN,2025-12-20 00:00:00+00:00,,NaN,,,,NaN,NaN,ORDER_INFO,2026-01-25 23:33:17.671331+00:00
744,25ARM032,ARMANI,,,FCA,2025-12-01 00:00:00+00:00,,,,LG370101,  ,10901.0,,0.0,,,,YCD,NaN,NaN,NaN,2025-12-20 00:00:00+00:00,,NaN,,,,NaN,NaN,ORDER_INFO,2026-01-25 23:33:17.671331+00:00
745,24ARM003,Armani,,,FCA,2025-12-01 00:00:00+00:00,,,,LG369101,  ,3670.0,,0.0,,,,Beaut Premium,HK,Shenzhen,NaN,,,NaN,,,,NaN,NaN,ORDER_INFO,2026-01-25 23:33:17.671331+00:00
746,25GUE021,Guerlain,,,DDP,2025-12-01 00:00:00+00:00,2026-01-27 00:00:00+00:00,,,G301110,TERRA FDT J TEINT TRAFFIC GIFT Y26 ,21200.0,1484.0,8.18,,424.0,,Yijiahao,Garancières,Shenzhen,Le Havre,2026-02-11 00:00:00+00:00,,CMA CGM VENDOME,,0FMLGW1MA,25GUE021,NaN,MORAD,ORDER_INFO,2026-01-25 23:33:17.671331+00:00
747,25YSL010,YSL,,,FCA,2025-12-01 00:00:00+00:00,,,,LG257701,YSL BIG FLUFFY POUCH FCA ,58020.0,4644.0,37.62,,1161.0,,Kanrow,NaN,Shenzhen,NaN,2025-12-20 00:00:00+00:00,,NaN,EXPV-000412,,,NaN,NaN,ORDER_INFO,2026-01-25 23:33:17.671331+00:00
748,25YSL012,YSL,,,FCA,2025-12-01 00:00:00+00:00,,,,LG258301, YSL SUEDE DRAWSTRING POUCH ,36483.0,2610.0,10.77,,522.0,,YCD,HK,Shenzhen,NaN,2025-12-20 00:00:00+00:00,,NaN,EXPV-000413,,,NaN,NaN,ORDER_INFO,2026-01-25 23:33:17.671331+00:00
749,25GUE034,GUERLAIN,,,DDP,2025-12-26 00:00:00+00:00,2026-01-27 00:00:00+00:00,,,7424222090, ,6480.0,210.0,0.88,,30.0,,PTA,CHARTRES,NaN,Le Havre,2026-01-23 00:00:00+00:00,,CMA CGM VENDOME,,0FMLGW1MA,25GUE034,NaN,MORAD,ORDER_INFO,2026-01-25 23:33:17.671331+00:00
750,25LAN033,Lancôme,,,DDP,2025-12-26 00:00:00+00:00,2026-01-27 00:00:00+00:00,,,LG557900,LL NAME BADGE ,975.0,22.0,0.09,,3.0,,Beaut Premium,Roye,Shenzhen,Le Havre,2026-01-20 00:00:00+00:00,2026-02-05 00:00:00+00:00,CMA CGM VENDOME,,SHKG129386,,NaN,NaN,ORDER_INFO,2026-01-25 23:33:17.671331+00:00
751,25YSL021,YSL,,,DDP,2025-11-15 00:00:00+00:00,2025-12-17 00:00:00+00:00,CMAU7304083,,LB162300,MU BELT 2019/2020 ,949.0,303.0,1.19,,37.0,,Shui Fung,Roye,Shenzhen,Le Havre,2026-01-20 00:00:00+00:00,2025-12-31 00:00:00+00:00,CMA CGM TROCADERO,EXPV-000509,SHKG127394,25YSL021,NaN,ANTOINETTE,ORDER_INFO,2026-01-25 23:33:17.671331+00:00
752,25YSL009,YSL,,,FCA,2025-12-06 00:00:00+00:00,,,,LG258601,BI FABRIC VANITY FCA ,39090.0,13195.0,89.14,,3258.0,,Vipin,NaN,Shenzhen,Shanghai,2025-12-20 00:00:00+00:00,,NaN,EXPV-000422 & 462,,,NaN,NaN,ORDER_INFO,2026-01-25 23:33:17.671331+00:00
753,25YSL011,YSL,,,FCA,2025-12-16 00:00:00+00:00,2025-12-16 00:00:00+00:00,,,LG257901,YSL BIG ENVELOPPE POUCH FCA ,54933.0,5817.0,31.2,,785.0,,Rinco,Shanghai,Shanghai,Shanghai,2025-12-20 00:00:00+00:00,,NaN,EXPV-000345,,,NaN,NaN,ORDER_INFO,2026-01-25 23:33:17.671331+00:00
754,25ROG001,ROGER ET GALLET,,,DDP,2025-12-04 00:00:00+00:00,2026-02-03 00:00:00+00:00,,,RG6291191W,SAC ETE RG 26 ,130000.0,36836.0,184.64,,5417.0,,YCD,Saint Ouen L'Aumône,Shenzhen,NaN,2025-02-16 00:00:00+00:00,,NaN,,,25ROG001,HAWA,MORAD,ORDER_INFO,2026-01-25 23:33:17.671331+00:00
755,25YSL013,YSL,,,FCA,2025-12-17 00:00:00+00:00,2025-12-17 00:00:00+00:00,,,LG258401,YSL S1 26 PREMIUM OFF WHITE POUCH FCA ,109413.0,13927.0,114.24,,4974.0,,Shui Fung,HK,Shenzhen,NaN,2025-12-20 00:00:00+00:00,,NaN,EXPV-000387,,,NaN,NaN,ORDER_INFO,2026-01-25 23:33:17.671331+00:00
756,25SOT001,Sothys,,,DDP,2025-12-20 00:00:00+00:00,2026-01-27 00:00:00+00:00,,,943706,TROUSSE COLLECTION 2026 FR ,5100.0,440.0,2.33,,102.0,,Rinco,Ussac,Shanghai,Le Havre,2026-02-10 00:00:00+00:00,,CMA CGM VENDOME,,SSHA154844,,NaN,NaN,ORDER_INFO,2026-01-25 23:33:17.671331+00:00
757,25LRP001,L'Oreal TR,,,DDP,2025-12-26 00:00:00+00:00,2026-01-27 00:00:00+00:00,,,TM11832-strings,LRP SKINSOS B530+Balm+MiniWater TR (strings) ,10000.0,4.0,0.06,,1.0,,Yijiahao,Flers En Escredieux (59),Shenzhen,Le Havre,2026-02-13 00:00:00+00:00,,CMA CGM VENDOME,,SHKG129386,25LRP001,NaN,ANTOINETTE,ORDER_INFO,2026-01-25 23:33:17.671331+00:00
758,25YSL015,YSL,,,FCA,2025-12-05 00:00:00+00:00,,,,LG257601-A,LIPSTICK THE INKS CASE FCA ,12353.0,979.0,4.33,,136.0,,Vipin,HK,Shenzhen,NaN,2025-12-20 00:00:00+00:00,,NaN,EXPV-000411,,,NaN,NaN,ORDER_INFO,2026-01-25 23:33:17.671331+00:00
759,25YSL018,YSL,,,FCA,2025-12-05 00:00:00+00:00,,,,LF264003, N/A ,31803.0,3104.0,2.06,,398.0,,Union source,HK,Shenzhen,NaN,2025-12-20 00:00:00+00:00,,NaN,EXPV-000417,,,NaN,NaN,ORDER_INFO,2026-01-25 23:33:17.671331+00:00
760,25YSL017,YSL,,,FCA,2025-12-05 00:00:00+00:00,,,,LG259301,  ,34446.0,,0.0,,,,Union Source,HK,Shenzhen,NaN,2025-12-20 00:00:00+00:00,,NaN,EXPV-000416,,,NaN,NaN,ORDER_INFO,2026-01-25 23:33:17.671331+00:00
761,25YSL014,YSL,,,FCA,2025-12-05 00:00:00+00:00,,,,LG258501, PREMIUM OFF WHITE MIRROR  ,43503.0,1875.0,5.81,,218.0,,NaN,HK,Shenzhen,HK,2025-12-20 00:00:00+00:00,,NaN,EXPV-000414,,,NaN,NaN,ORDER_INFO,2026-01-25 23:33:17.671331+00:00
762,24ARM011,Armani,,,DDP,2025-12-07 00:00:00+00:00,,,,LD685701, GA NAME BROOCH /PRI ,1452.0,28.0,0.14,,4.0,,Beaut Premium,Roye,Shenzhen,NaN,,,NaN,,,,NaN,NaN,ORDER_INFO,2026-01-25 23:33:17.671331+00:00
763,25GUE025,GUERLAIN,,,DAP,2025-12-07 00:00:00+00:00,2025-12-25 00:00:00+00:00,,,G777738,INST CHARM'S X10 FDM BLOOM Y26 ,310.0,73.0,0.23,,11.0,,Union Source,Shanghai,Shenzhen,NaN,2025-12-31 00:00:00+00:00,,NaN,EXPV-000466,,,NaN,NaN,ORDER_INFO,2026-01-25 23:33:17.671331+00:00
764,25DIE001,Diesel,,,DDP,2026-01-28 00:00:00+00:00,2026-03-03 00:00:00+00:00,,,LG306300,DSL HAIR ACCESSORY GWP26 DDP ,15020.0,1202.0,4.32,,334.0,,Union Source,Roye,Shenzhen,Le Havre,2026-02-20 00:00:00+00:00,,CMA CGM JACQUES SAADE,,SHKG129959,,NaN,NaN,ORDER_INFO,2026-01-25 23:33:17.671331+00:00
765,25PRS001,Precious,,,DDP,2026-01-21 00:00:00+00:00,2026-02-24 00:00:00+00:00,,,80120801,PRECIOUS TROUSSE ,8250.0,707.0,4.64,,104.0,,Yijiahao,Glisy,Shenzhen,Le Havre,2026-03-02 00:00:00+00:00,,CMA CGM ZHENG HE,,,,NaN,NaN,ORDER_INFO,2026-01-25 23:33:17.671331+00:00
766,25YSL026,YSL,,,FCA,2026-02-05 00:00:00+00:00,,,,LG614101,COUTURE ENVELOPE MIRROR FCA ,31915.0,1615.0,4.69,,170.0,,Sanjiang,HK,Shenzhen,NaN,2026-03-01 00:00:00+00:00,,NaN,,,,NaN,NaN,ORDER_INFO,2026-01-25 23:33:17.671331+00:00
767,24YSL054,YSL,,,DDP,2025-12-10 00:00:00+00:00,,#REF! ,,LB162202, YSL INSTITUTIONAL PIN'S ,535.0,11.0,0.07,,2.0,,Beaut Premium,Roye,Shenzhen,NaN,,2025-05-27 00:00:00+00:00,NaN,,,,NaN,NaN,ORDER_INFO,2026-01-25 23:33:17.671331+00:00
768,25BIO003,BIOTHERM,,,DDP,2025-12-24 00:00:00+00:00,2025-02-04 00:00:00+00:00,,,LG366900,WATER BOTTLE ELECTRO DROP S1 26 ,11072.0,2492.0,26.55,,923.0,,Beaut Premium,Salles-d’Angles,Shanghai,NaN,2026-02-20 00:00:00+00:00,,NaN,,,25BIO003,CELYA,NaN,ORDER_INFO,2026-01-25 23:33:17.671331+00:00
769,25SOT002,Sothys,,,DDP,2026-01-01 00:00:00+00:00,2026-02-10 00:00:00+00:00,,,943707,TROUSSE COLLECTION 2026 EXP ,10000.0,862.0,4.57,,200.0,,Rinco,Ussac,Shanghai,Le Havre,2026-03-09 00:00:00+00:00,,TBC,,HSHA155550,,NaN,NaN,ORDER_INFO,2026-01-25 23:33:17.671331+00:00
770,25BUR007,Burberry,,,FOB,2025-12-24 00:00:00+00:00,,,,99350263562,BBY GODD G ELX GIFT WOVEN BEACH BAG 26IV DC,4210.0,,0.0,,,,SHENZHEN GAOWEI HANDBAG PRODUCTS,Yangon,Yangon,NaN,2026-01-14 00:00:00+00:00,,"to Jebel Ali, AE",,,,NaN,NaN,ORDER_INFO,2026-01-25 23:33:17.671331+00:00
771,25CHL001,Chanel,,,FCA,2025-12-28 00:00:00+00:00,,,,506055,ELT CUSTOMISATION FDM26,9000.0,70.0,0.07,,9.0,,Union Source,Yantian,Yantian,NaN,2026-01-05 00:00:00+00:00,,NaN,EXPV-000521,,25CHL001,NaN,NaN,ORDER_INFO,2026-01-25 23:33:17.671331+00:00
772,25GCI001,Gucci,,,FOB,2025-12-31 00:00:00+00:00,,,,2007566,GUCCI FLGO INT GIFT BAG RETAIL 26IV  ,11645.0,,0.0,,,,Shui Fung,SIHANOUKVILLE,SIHANOUKVILLE,NaN,2026-01-15 00:00:00+00:00,,To HK ,A FAIRE,,,NaN,NaN,ORDER_INFO,2026-01-25 23:33:17.671331+00:00
773,25LAN032,Lancôme,,,DDP,2026-02-02 00:00:00+00:00,2026-03-17 00:00:00+00:00,,,PK11007997,A-COMP Palette Yeux PU HO26 ,1673.0,,2.62,,35.0,,PTA,Ancorotti,Shenzhen,Le Havre,2026-03-20 00:00:00+00:00,,CMA CGM CHAMPS ELYSEES,,,,NaN,NaN,ORDER_INFO,2026-01-25 23:33:17.671331+00:00
774,25GUE027,Guerlain,,,DAP,2026-01-19 00:00:00+00:00,,,,G612222,INST 24 SAC CEINTURE  ,100.0,27.0,0.2,,10.0,,Kanrow,Shanghai,Shenzhen,NaN,2026-02-04 00:00:00+00:00,,NaN,,,,NaN,NaN,ORDER_INFO,2026-01-25 23:33:17.671331+00:00
775,25YSL027,YSL,,,FCA,2026-01-26 00:00:00+00:00,,#REF! ,,LG614301,YSL S2 26 - LOVESHINE MIRROR FCA ,61057.0,5401.0,8.46,,478.0,,Union Source,Shenzhen,Shenzhen,NaN,2026-02-20 00:00:00+00:00,,NaN,,,,NaN,NaN,ORDER_INFO,2026-01-25 23:33:17.671331+00:00
776,25GUE015,Guerlain,,,DAP,2026-01-26 00:00:00+00:00,,,,G301085,INST BADGE BC Y25 ,650.0,26.0,0.03,,3.0,,Union Source,Shanghai,Shanghai,NaN,2026-02-11 00:00:00+00:00,,NaN,,,,NaN,NaN,ORDER_INFO,2026-01-25 23:33:17.671331+00:00
777,25GUE012,GUERLAIN,,,EXW,2026-02-09 00:00:00+00:00,,,,7424269568,  ,7000.0,,0.0,,,,PTA,Orphin,NaN,NaN,2026-02-23 00:00:00+00:00,,NaN,,,,NaN,NaN,ORDER_INFO,2026-01-25 23:33:17.671331+00:00
779,25GIV006,Givenchy,,,FCA,2026-03-15 00:00:00+00:00,,,,P300300,TROUSSE ROUGE ICONIQUE GWP 26 ,10536.0,2502.0,36.62,,439.0,,Vipin,Shenzhen,Shenzhen,NaN,2026-04-01 00:00:00+00:00,,TO DUBAI,,,,NaN,NaN,ORDER_INFO,2026-01-25 23:33:17.671331+00:00
780,25GIV007,Givenchy,,,FCA,2026-03-15 00:00:00+00:00,,,,P300307,PORTE CLES GWP 26 ,12540.0,680.0,2.92,,126.0,,Vipin,Shenzhen,Shenzhen,NaN,2026-04-01 00:00:00+00:00,,NaN,,,,NaN,NaN,ORDER_INFO,2026-01-25 23:33:17.671331+00:00
781,25PAC012,Paco Rabanne,,,DDP,2026-01-08 00:00:00+00:00,,,,65236770,MILLION GFH RE26 TOTEBAG GWP L4 ,44172.0,16687.0,168.88,,1636.0,,Yijiahao,Barcelona,Shenzhen,NaN,2026-04-13 00:00:00+00:00,,NaN,,,,NaN,NaN,ORDER_INFO,2026-01-25 23:33:17.671331+00:00
782,25GUE016,GUERLAIN,,,CIF,,,,,7424255120,TROUSSE MAXIGIFT INST 25 OI L4 ,14351.0,2190.0,15.72,,718.0,,YCD,Singapore,Shenzhen,NaN,,,NaN,167647,,,NaN,NaN,ORDER_INFO,2026-01-25 23:33:17.671331+00:00
783,25BUR005,Burberry,,,FOB,,,,,2007216,BBY HERO ELIXR GIFT WASHBAG 26IV ,2000.0,420.0,4.56,,100.0,,Shui Fung,Shenzhen,Shenzhen,NaN,,,NaN,167643,,,NaN,NaN,ORDER_INFO,2026-01-25 23:33:17.671331+00:00
784,24CLA022,Clarins,,,DDP,,,,,OC507645, ETUI GF 12 CASES N°3 NOEL 2025 ,38458.0,,0.0,,,,Keskeny,NaN,Hongrie,NaN,2025-05-07 00:00:00+00:00,,NaN,25-0299,,,NaN,NaN,ORDER_INFO,2026-01-25 23:33:17.671331+00:00
785,25HBS004,HUGO BOSS,,,FOB,,,,,2007651,NaN,2000.0,,0.0,,,,NaN,SIHANOUKVILLE,NaN,NaN,2026-04-28 00:00:00+00:00,,NaN,,,,NaN,NaN,ORDER_INFO,2026-01-25 23:33:17.671331+00:00
786,25MUM003,MIU MIU,,,DDP,,,,,LG399300,  ,8.0,,0.0,,,,NaN,Roye,NaN,NaN,,,NaN,,,,NaN,NaN,ORDER_INFO,2026-01-25 23:33:17.671331+00:00
787,25CER003,CERRUTI,,,FOB,2025-12-31 00:00:00+00:00,,,,CERPOS0037,  ,25000.0,,0.0,,,,NaN,Shenzhen,NaN,NaN,2026-01-21 00:00:00+00:00,,NaN,,,,NaN,NaN,ORDER_INFO,2026-01-25 23:33:17.671331+00:00
788,25YSL023,YSL,,,FCA,2026-01-25 00:00:00+00:00,,,,LG614701,YSL  LVDP HEART CERAMIC FCA ,3990.0,120.0,0.28,,20.0,,BEAUTY PREMIUM,HK,Shenzhen,NaN,2026-02-20 00:00:00+00:00,,NaN,,,,NaN,NaN,ORDER_INFO,2026-01-25 23:33:17.671331+00:00
789,25MKO001,MIKIMOTO,,,DDP,2026-02-08 00:00:00+00:00,,,,BOXMI01580,NaN,5000.0,689.0,5.3,,139.0,,QSUN,Ury (77),Shenzhen,NaN,2026-03-09 00:00:00+00:00,,NaN,,,,NaN,NaN,ORDER_INFO,2026-01-25 23:33:17.671331+00:00
790,25HRN002,Helena Rubinstein,,,DDP,,,,,LE774602,BIG TOWEL 100X160CM ,30.0,32.0,0.29,,4.0,,Neiper,Ury (77),Portugal,NaN,,,NaN,25-0416,,,NaN,NaN,ORDER_INFO,2026-01-25 23:33:17.671331+00:00
791,25CLA008,Clarins,,,FCA,,,,,80127532,CLARINS TROUSSE VIDE MARYS MEALS ,49935.0,,9.51,,385.0,,Kariwala,Ury (77),NaN,NaN,2025-12-17 00:00:00+00:00,,NaN,Produit GOTS,,,NaN,NaN,ORDER_INFO,2026-01-25 23:33:17.671331+00:00
792,25HBS001,HUGO BOSS,,,FOB,,,,,2007348,HB MULT GIFT CORPORATE WEEKENDR BAG 26IV ,17741.0,,0.0,,,,NaN,Ury (77),NaN,NaN,2025-09-25 00:00:00+00:00,,NaN,,,,NaN,NaN,ORDER_INFO,2026-01-25 23:33:17.671331+00:00
793,25CLA009,clarins,,,EXW,,,,,80128889,CLARINS PETITE TROUSSE ROSE ,1020.0,58.0,0.36,,12.0,,NaN,Ury (77),NaN,NaN,2026-03-02 00:00:00+00:00,,NaN,,,25CLA009,HAWA,NaN,ORDER_INFO,2026-01-25 23:33:17.671331+00:00
794,25JPF006,Jean Paul Gauthier,,,DDP,,,,,NaN,NaN,344.0,,0.0,,,,PTA,Ury (77),Shenzhen,NaN,2026-03-20 00:00:00+00:00,,NaN,,,,NaN,NaN,ORDER_INFO,2026-01-25 23:33:17.671331+00:00
795,25HBS003,HUGO BOSS,,,FCA,,,,,99350274819,  ,6830.0,,0.0,,,,NaN,Ury (77),NaN,NaN,,,NaN,,,,NaN,NaN,ORDER_INFO,2026-01-25 23:33:17.671331+00:00
796,25GUE031,GUERLAIN,,,DDP,,,,,7424270829,CALE OI IMP RITUAL SET H2 WW 25 REPACK ,5477.0,1069.0,6.89,,274.0,,PTA,Ury (77),Shenzhen,NaN,2025-09-04 00:00:00+00:00,,NaN,25-0524 / EXPV-000029,,,NaN,NaN,ORDER_INFO,2026-01-25 23:33:17.671331+00:00
797,25GUE018,Guerlain,,,DAP,2025-12-08 00:00:00+00:00,,,,G301105,INST ETE TROUSSE S Y26 ,150.0,16.0,0.14,62.0,7.0,,ycd,Ury (77),Shenzhen,NaN,2025-12-10 00:00:00+00:00,,NaN,,,25GUE018,NaN,MORAD,ORDER_INFO,2026-01-25 23:33:17.671331+00:00
798,25CAR001,carita,,,NaN,,,,,LG577800,CA SHOWER TOWEL 100x160CM POS2 ,100.0,,0.0,,,,Neiper,Ury (77),Portugal,NaN,2025-10-20 00:00:00+00:00,,NaN,EXPV-000261,,,NaN,NaN,ORDER_INFO,2026-01-25 23:33:17.671331+00:00
799,25GIV008,Givenchy ,,,DDP,2026-01-16 00:00:00+00:00,,,,P300278,DUO SERVIETTES VISAGE 2,14530.0,,0.0,,,,Texteis JF Almeida SA,Ury (77),Portugal,NaN,2026-02-01 00:00:00+00:00,,NaN,,,,NaN,NaN,ORDER_INFO,2026-01-25 23:33:17.671331+00:00
800,25AZZ001,Azzaro,,,DDP,,,#REF! ,,NaN,  ,90.0,,0.0,,,,NaN,Ury (77),NaN,NaN,2025-03-25 00:00:00+00:00,,NaN,,,,NaN,NaN,ORDER_INFO,2026-01-25 23:33:17.671331+00:00
801,25YSL022,YSL,,,FCA,2025-01-25 00:00:00+00:00,,,,LG613701,YSL MYSLF JOURNAL FCA ,3404.0,832.0,1.91,,114.0,,Union source,Ury (77),Shenzhen,NaN,2026-02-20 00:00:00+00:00,,NaN,,,,NaN,NaN,ORDER_INFO,2026-01-25 23:33:17.671331+00:00
802,25GUE036,GUERLAIN,,,DAP,,,,,G301164,"GUERLAIN  LAUNCHGIFT KISS KISS "" ",100.0,4.0,0.03,,1.0,,SHUI FUNG,Ury (77),NaN,NaN,2026-03-25 00:00:00+00:00,,NaN,,,25GUE036,NaN,MORAD,ORDER_INFO,2026-01-25 23:33:17.671331+00:00
803,25YSL030,YSL,,,FCA,2026-03-29 00:00:00+00:00,,,,LG614201,YSL S2 26 - BLACK OPIUM KEYCHAIN FCA ,5950.0,278.0,0.56,,27.0,,Union Source,Ury (77),Shenzhen,NaN,2026-05-01 00:00:00+00:00,,NaN,,,,NaN,NaN,ORDER_INFO,2026-01-25 23:33:17.671331+00:00
804,25PHI001,NaN,,,NaN,,,,,NaN,  ,,,0.0,,,,NaN,Ury (77),NaN,NaN,,,NaN,2025-04-04 00:00:00,,,NaN,NaN,ORDER_INFO,2026-01-25 23:33:17.671331+00:00
805,25ASP001,AESOP,,,DAP,,,,,LG266900,  ,80.0,,0.0,,,,NaN,Ury (77),NaN,NaN,,,NaN,,,,NaN,NaN,ORDER_INFO,2026-01-25 23:33:17.671331+00:00
806,25YSL039,YSL,,,FCA,2026-03-30 00:00:00+00:00,,,,LG614801, S2 26 HAIRCLIP ,15830.0,970.0,5.92,,147.0,,Union source,Ury (77),Shenzhen,NaN,,,NaN,,,,NaN,NaN,ORDER_INFO,2026-01-25 23:33:17.671331+00:00
807,25GUE028,GUERLAIN,,,DDP,2026-01-21 00:00:00+00:00,2026-02-24 00:00:00+00:00,,,G643764,A&M 23 sampling kit vide ,2000.0,260.0,1.91,,84.0,,PTA,Ury (77),Shenzhen,Le Havre,2026-03-04 00:00:00+00:00,,CMA CGM ZHENG ZHE,,OFML1MW1MA,,NaN,NaN,ORDER_INFO,2026-01-25 23:33:17.671331+00:00
808,25THR001,TOMMY HIGHLFINGER,,,DDP,2026-12-24 00:00:00+00:00,2026-01-27 00:00:00+00:00,,,TH000019,TH TOMMY MEDIUM BAG GWP 26 ,16000.0,1696.0,14.38,,320.0,,YCD,Italy,Shenzhen,Le Havre,2026-01-30 00:00:00+00:00,,CMA CGM VENDOME,,,25THR001,HAWA,MORAD,ORDER_INFO,2026-01-25 23:33:17.671331+00:00
809,25DIO007,DIOR,,,DDP,2025-11-07 00:00:00+00:00,,,,C926100003,BEAUT ANIM WHITE M/W TOP M INT24 ,70.0,,0.0,,,,Visao,Ury (77),Portugal,NaN,2025-11-10 00:00:00+00:00,,NaN,EXPV-000279,,,NaN,NaN,ORDER_INFO,2026-01-25 23:33:17.671331+00:00
810,25YSL042,YSL,,,FCA,2026-03-30 00:00:00+00:00,,,,L8472528,MINI POWDER BRUSH FCA ,20077.0,567.0,2.95,,183.0,,Beauty Yaurient,Ury (77),Shenzhen,HK,2026-04-20 00:00:00+00:00,,NaN,,,,NaN,NaN,ORDER_INFO,2026-01-25 23:33:17.671331+00:00
811,25PAC013,Paco Rabanne,,,DDP,2026-02-05 00:00:00+00:00,,,,65246748,RABANNE POUCH MEDIUM HD26 ,1890.0,200.0,0.77,,21.0,,Yijiahao,Ury (77),Shenzhen,NaN,2026-05-01 00:00:00+00:00,,NaN,,,,NaN,NaN,ORDER_INFO,2026-01-25 23:33:17.671331+00:00
812,25DIO009,DIOR,,,DDP,2025-11-27 00:00:00+00:00,,,,C899500080,D/INSTT HOUSSE PROT MATELAS T2 INT24 ,20.0,,0.0,,,,NEIPER,Ury (77),Portugal,NaN,2026-05-01 00:00:00+00:00,,NaN,EXPV-000275,,,NaN,NaN,ORDER_INFO,2026-01-25 23:33:17.671331+00:00
813,25DIO006,DIOR,,,DDP,2025-11-27 00:00:00+00:00,,,,C899500097,D/INSTT SPA SERVIETTE BAIN 100X170 INT24 ,79.0,106.0,1.01,,14.0,,NEIPER,Ury (77),Portugal,St Jean de Braye,2025-12-01 00:00:00+00:00,,NaN,EXPV-000281,,,NaN,NaN,ORDER_INFO,2026-01-25 23:33:17.671331+00:00
814,24DIO018,DIOR,,,DDP,,,,,E300000466,BASKETS BLANCHES MIXTE 36 UNIF INT26 ,47.0,,0.0,,,,Arpontes,Ury (77),Portugal,NaN,2026-01-05 00:00:00+00:00,,NaN,,,,NaN,NaN,ORDER_INFO,2026-01-25 23:33:17.671331+00:00
815,25DEC001,NaN,,,NaN,2026-02-01 00:00:00+00:00,,,,E300000456,  ,,,0.0,,,,NaN,Ury (77),NaN,NaN,,,NaN,,,,NaN,NaN,ORDER_INFO,2026-01-25 23:33:17.671331+00:00
816,25DEC002,NaN,,,NaN,2026-02-01 00:00:00+00:00,,,,E300000457,  ,,,0.0,,,,NaN,Ury (77),NaN,NaN,,,NaN,,,,NaN,NaN,ORDER_INFO,2026-01-25 23:33:17.671331+00:00
817,25GIV009,NaN,,,DDP,2026-02-14 00:00:00+00:00,,,,NaN,  ,,,0.0,,,,NaN,Beauvais,NaN,NaN,2026-04-27 00:00:00+00:00,,NaN,,,,NaN,NaN,ORDER_INFO,2026-01-25 23:33:17.671331+00:00
818,25KAY001,Kama,,,DDP,2025-12-19 00:00:00+00:00,,,,65220138, SLIPPERS 2024 ,44.0,,0.0,,,,Neiper,Ury (77),Portugal,NaN,2026-01-26 00:00:00+00:00,,NaN,,,,NaN,NaN,ORDER_INFO,2026-01-25 23:33:17.671331+00:00
821,25YSL025,YSL,,,FCA,2026-01-30 00:00:00+00:00,,,,LG614001,  YSL S2 26 - COUTURE LIBRE POUCH FCA ,58302.0,5975.0,20.65,,561.0,,Vipin,Ury (77),Shenzhen,NaN,2026-02-20 00:00:00+00:00,,NaN,,,,NaN,NaN,ORDER_INFO,2026-01-25 23:33:17.671331+00:00
822,25YSL029,YSL,,,FCA,2026-03-05 00:00:00+00:00,,,,LG613601,YSL S2 26 - CARE CRUSH CASE FCA ,165437.0,,0.0,,,,UNION SOURCE,Ury (77),Shenzhen,NaN,2026-03-20 00:00:00+00:00,,NaN,,,,NaN,NaN,ORDER_INFO,2026-01-25 23:33:17.671331+00:00
823,25YSL028,YSL,,,FCA,2026-02-01 00:00:00+00:00,,,,LG614601,  YSL S2 26 - PENCIL SHARPENER FCA ,7719.0,127.0,0.48,,14.0,,Beaut Premium,Ury (77),Shenzhen,NaN,2026-02-20 00:00:00+00:00,,NaN,,,,NaN,NaN,ORDER_INFO,2026-01-25 23:33:17.671331+00:00
824,25GUE038,GUERLAIN,,,DAP,2026-06-14 00:00:00+00:00,,,,7424268955, TROUSSE OI MAXIGIFT L4 H2 Y26  ,714.0,61.0,0.4,,12.0,,RINCO,Ury (77),Shanghai,NaN,2026-06-24 00:00:00+00:00,,NaN,,,,NaN,NaN,ORDER_INFO,2026-01-25 23:33:17.671331+00:00
825,25DOG012,Dolce & Gabanna,,,DDP,,,,,P3OT9030,NaN,1756.0,,0.0,,,,NaN,Ury (77),Shenzhen,NaN,2026-04-30 00:00:00+00:00,,NaN,,,,NaN,NaN,ORDER_INFO,2026-01-25 23:33:17.671331+00:00
826,25DOG011,Dolce & Gabanna,,,DDP,,,,,P1DV9073,NaN,25000.0,,0.0,,,,Shui Fung,Ury (77),Shenzhen,NaN,2026-03-09 00:00:00+00:00,,NaN,,,,NaN,NaN,ORDER_INFO,2026-01-25 23:33:17.671331+00:00
827,25azz004,Azzaro,,,DDP,2026-01-14 00:00:00+00:00,2026-02-17 00:00:00+00:00,,,LG171900,AZZ GENERIC CARD HOLDER DDP 2026 ,49160.0,1156.0,4.44,,246.0,,Yijiahao,Ury (77),Shenzhen,Le Havre,2025-02-20 00:00:00+00:00,2025-10-24 00:00:00+00:00,CMA CGM SAINT GERMAIN,,0FMLKW1MA,,NaN,NaN,ORDER_INFO,2026-01-25 23:33:17.671331+00:00
828,25PAC014,Paco Rabanne,,,NaN,,,,,NaN,  ,,,0.0,,,,NaN,Ury (77),NaN,NaN,2026-05-01 00:00:00+00:00,,NaN,,,,NaN,NaN,ORDER_INFO,2026-01-25 23:33:17.671331+00:00
829,25COA004,Coach,,,DDP,2026-03-08 00:00:00+00:00,2026-04-14 00:00:00+00:00,,,CCZPA204,CCH LNY 27 KEY RING GWP 2H 26 ,15000.0,748.0,1.4,,84.0,,Yiwu,Ury (77),Shanghai,Le Havre,2026-05-15 00:00:00+00:00,,CMA CGM RIVOLI,,,,NaN,NaN,ORDER_INFO,2026-01-25 23:33:17.671331+00:00
830,25YSL024,YSL,,,FCA,2026-03-01 00:00:00+00:00,,,,LG613902,  ,152250.0,,0.0,,,,KANROW,Ury (77),Shenzhen,NaN,,,NaN,,,25YSL024,CELYA,NaN,ORDER_INFO,2026-01-25 23:33:17.671331+00:00
831,25LPG006,LPG,,,DDP,,,,,102828100,OUTIL DE MASSAGE VISAGE 2026,3844.0,,0.0,,,,Union Source,Ury (77),Shenzhen,NaN,2026-03-05 00:00:00+00:00,,NaN,,,,NaN,NaN,ORDER_INFO,2026-01-25 23:33:17.671331+00:00
832,25DIO010,NaN,,,NaN,,,,,NaN,NaN,,,0.0,,,,NaN,Ury (77),NaN,NaN,2026-02-20 00:00:00+00:00,,NaN,,,,NaN,NaN,ORDER_INFO,2026-01-25 23:33:17.671331+00:00
833,25VAR001,Victor & Rolf,,,DDP,,,,,LG847600,NaN,36717.0,,0.0,,,,NaN,Ury (77),NaN,NaN,2026-04-15 00:00:00+00:00,,NaN,,,,NaN,NaN,ORDER_INFO,2026-01-25 23:33:17.671331+00:00
834,25YSL043,ysl,,,DDP,2026-02-09 00:00:00+00:00,,,,LF761104,YSL SHEARLING MINI POUCH BEIGE DDP ,69585.0,3533.0,20.59,,471.0,,KANROW,Ury (77),Shenzhen,NaN,2026-04-20 00:00:00+00:00,,NaN,,,,NaN,NaN,ORDER_INFO,2026-01-25 23:33:17.671331+00:00
835,25DOG013,Dolce & Gabanna,,,DDP,,,,,P1DV9069,NaN,6500.0,,0.0,,,,NaN,Ury (77),NaN,NaN,2026-03-20 00:00:00+00:00,,NaN,,,,NaN,NaN,ORDER_INFO,2026-01-25 23:33:17.671331+00:00
836,25YSL034,YSL,,,FCA,2026-05-30 00:00:00+00:00,,,,LG613401,YSL HOLIDAY 26 HAIR CLIP FCA ,25774.0,,0.0,,,,UNION SOURCE,Ury (77),Shenzhen,NaN,,,NaN,,,,NaN,NaN,ORDER_INFO,2026-01-25 23:33:17.671331+00:00
837,25YSL036,YSL,,,FCA,2026-05-30 00:00:00+00:00,,,,LG613301,YSL HOLIDAY 26 CERAMIC FCA ,820.0,,0.0,,,,BP,Ury (77),Shenzhen,NaN,,,NaN,,,,NaN,NaN,ORDER_INFO,2026-01-25 23:33:17.671331+00:00
838,25YSL038,YSL,,,DDP,2026-01-18 00:00:00+00:00,,,,LG613100,YSL COFFRET XMAS26 MIRROR ,15328.0,,0.0,,,,UNION SOURCE,France,Shenzhen,NaN,2026-03-20 00:00:00+00:00,,NaN,,,,NaN,NaN,ORDER_INFO,2026-01-25 23:33:17.671331+00:00
839,25LAC003,NaN,,,NaN,,,,,NaN,  ,,,0.0,,,,NaN,Ury (77),NaN,NaN,,,NaN,,,,NaN,NaN,ORDER_INFO,2026-01-25 23:33:17.671331+00:00
840,25CLA011,CLARINS,,,DDP,2026-12-21 00:00:00+00:00,,,,80131478,  ,10000.0,,2.94,,63.0,,YCD,Ury (77),Shenzhen,NaN,2026-02-16 00:00:00+00:00,,NaN,,,,NaN,NaN,ORDER_INFO,2026-01-25 23:33:17.671331+00:00
841,25ARM033,ARMANI,,,FCA,,,,,LG369101,  ,3670.0,,0.0,,,,BP,Ury (77),NaN,NaN,2025-12-20 00:00:00+00:00,,NaN,,,,NaN,NaN,ORDER_INFO,2026-01-25 23:33:17.671331+00:00
842,25JPG006,JPG,,,DDP,,,,,65244862,  ,29952.0,,0.0,,,,UNION SOURCE,Ury (77),NaN,NaN,2026-06-10 00:00:00+00:00,,NaN,,,,NaN,NaN,ORDER_INFO,2026-01-25 23:33:17.671331+00:00
843,25JPG007,JPG,,,DDP,,,,,15162325,  ,55500.0,,1.49,,37.0,,PTA,Ury (77),NaN,NaN,2026-03-01 00:00:00+00:00,,NaN,,,,NaN,NaN,ORDER_INFO,2026-01-25 23:33:17.671331+00:00
844,25ysl043,YSL,,,FCA,2026-04-02 00:00:00+00:00,,,,LF761105,YSL SHEARLING MINI POUCH BEIGE FCA ,42921.0,2183.0,12.72,,291.0,,KANROW,Ury (77),Shenzhen,NaN,2026-04-20 00:00:00+00:00,,NaN,,,,NaN,NaN,ORDER_INFO,2026-01-25 23:33:17.671331+00:00
845,25DOG010,Dolce & Gabanna,,,DDP,,,,,P1DV9094,  ,55660.0,,0.0,,,,Yiwu,Ury (77),NaN,NaN,2026-05-08 00:00:00+00:00,,NaN,,,,NaN,NaN,ORDER_INFO,2026-01-25 23:33:17.671331+00:00
846,25LTR003,Lancôme TR,,,DDP,2026-02-04 00:00:00+00:00,,,,TM11899,RBOX LCM CAPSULE ABSOLUE MD ,6538.0,2002.0,15.5,,364.0,,Qsun,Ury (77),NaN,NaN,2026-04-10 00:00:00+00:00,,NaN,,,,NaN,NaN,ORDER_INFO,2026-01-25 23:33:17.671331+00:00
847,25MAR001,Margiela,,,DDP,2026-02-08 00:00:00+00:00,2026-03-18 00:00:00+00:00,,,LG907600,MM REPL HOLLIDAYS 2026 EMPTY BOX ,9339.0,7785.0,44.7,,1557.0,,PTA,Ury (77),Shenzhen,Dunkerque,2026-05-20 00:00:00+00:00,,APL MERLION,,EN ATTENTE,,NaN,NaN,ORDER_INFO,2026-01-25 23:33:17.671331+00:00
848,25PAC015,Paco Rabanne,,,DDP,,,,,65247328,GWP XMAS BAUBLES HD26 L4 ,10038.0,,0.0,,,,NaN,Ury (77),NaN,NaN,2026-06-01 00:00:00+00:00,,NaN,,,,NaN,NaN,ORDER_INFO,2026-01-25 23:33:17.671331+00:00
849,25HBS002,HUGO BOSS,,,FOB,,,,,2007748,  ,11550.0,,0.0,,,,NaN,Ury (77),NaN,NaN,2026-05-02 00:00:00+00:00,,NaN,,,,NaN,NaN,ORDER_INFO,2026-01-25 23:33:17.671331+00:00
850,25ysl044,YSL,,,FCA,2025-02-05 00:00:00+00:00,,,,LF759505,YSL S2 26 VANIT PREMIUM QUILTED RED DARK FCA ,34793.0,26476.0,91.52,,2486.0,,Vipin,Ury (77),Shenzhen,NaN,2025-04-20 00:00:00+00:00,,NaN,,,,NaN,NaN,ORDER_INFO,2026-01-25 23:33:17.671331+00:00
851,25COA006,Coach,,,NaN,2026-06-07 00:00:00+00:00,,,,CCZPA214,CCH WOM T POUCH FLORAL PARF GWP S127 ,20000.0,,0.0,,,,Vipin,Ury (77),Shenzhen,NaN,2026-09-01 00:00:00+00:00,,NaN,,,,NaN,NaN,ORDER_INFO,2026-01-25 23:33:17.671331+00:00
852,25YSL041,YSL,,,FCA,2026-04-05 00:00:00+00:00,,,,LG615001,YSL PREMIUM QUILRED PENCIL CASE FCA ,39603.0,3449.0,47.89,,991.0,,Shui Fung,Ury (77),Shenzhen,NaN,2026-04-20 00:00:00+00:00,,NaN,,,,NaN,NaN,ORDER_INFO,2026-01-25 23:33:17.671331+00:00
853,24LAN012,Lancôme,,,DDP,2025-12-07 00:00:00+00:00,,,,LE734401, LC ACC Gold rose pin ,1125.0,19.0,0.09,,3.0,,Beaut Premium,Ury (77),Shenzhen,NaN,,2025-05-28 00:00:00+00:00,NaN,,,,NaN,NaN,ORDER_INFO,2026-01-25 23:33:17.671331+00:00
854,25LAN030,Lancôme,,,DDP,2026-12-01 00:00:00+00:00,,,,LE734401,LC ACC Gold rose pin ,2610.0,44.0,0.21,,7.0,,Beaut Premium,Ury (77),Shenzhen,NaN,,2025-01-12 00:00:00+00:00,NaN,,,,NaN,NaN,ORDER_INFO,2026-01-25 23:33:17.671331+00:00
855,25BIO004,Biotherm,,,DDP,2025-03-22 00:00:00+00:00,,,,LG100802,BLUE BOTTLE 1L SUMMER 26 ,15986.0,3599.0,38.34,,1333.0,,Beaut Premium,Ury (77),Ningbo,NaN,2025-03-20 00:00:00+00:00,,NaN,,,,NaN,NaN,ORDER_INFO,2026-01-25 23:33:17.671331+00:00
856,25gue037,Guerlain,,,DDP,2026-01-28 00:00:00+00:00,2026-03-03 00:00:00+00:00,,,7424222090,SUED+PINC 30ML FDT OI 21 V2 ,5400.0,175.0,0.74,,25.0,,Meihua,Ury (77),Shenzhen,Le Havre,2025-02-20 00:00:00+00:00,,CMA CGM JACQUES SAADE,,0FMLOW1MA,,NaN,NaN,ORDER_INFO,2026-01-25 23:33:17.671331+00:00
857,25YSL040,YSL,,,FCA,2026-02-01 00:00:00+00:00,,,,LG614902,YSL MON PARIS POUCH ECHOES OF LOVE FCA ,48000.0,6382.0,51.16,,1091.0,,Rinco,Ury (77),Shanghai,NaN,2026-02-20 00:00:00+00:00,,NaN,,,,NaN,NaN,ORDER_INFO,2026-01-25 23:33:17.671331+00:00
858,25GUE041,GUERLAIN,,,CIF,2025-04-12 00:00:00+00:00,,,,7424264059,TROUSSE AB ROY MAXIGIFT L2 L3 Y26 ,46645.0,3509.0,23.3,,778.0,,Rinco,Ury (77),Shenzhen,NaN,2025-05-06 00:00:00+00:00,,NaN,,,25GUE041,CELYA,NaN,ORDER_INFO,2026-01-25 23:33:17.671331+00:00
859,25LAN034,Lancôme,,,DDP,2026-01-22 00:00:00+00:00,,,,LG791800,LC BBOX VANITY INT AS CAN HOLD26 DDP ,150432.0,54532.0,469.7,,6268.0,,Vipin,Ury (77),Shenzhen,NaN,2026-06-01 00:00:00+00:00,,NaN,,,,NaN,NaN,ORDER_INFO,2026-01-25 23:33:17.671331+00:00
860,25BRO002,NaN,,,NaN,,,,,NaN,  ,,,0.0,,,,NaN,Ury (77),NaN,NaN,,,NaN,,,,NaN,NaN,ORDER_INFO,2026-01-25 23:33:17.671331+00:00
861,25BRO003,NaN,,,NaN,,,,,NaN,  ,,,0.0,,,,NaN,Ury (77),NaN,NaN,,,NaN,,,,NaN,NaN,ORDER_INFO,2026-01-25 23:33:17.671331+00:00
863,25LAN035,Lancôme,,,DDP,,,,,LG479100,LC YOUTH FINDER 2.0 BELT ,114.0,31.0,0.25,,6.0,,Shui Fung,Ury (77),Shenzhen,NaN,2026-06-19 00:00:00+00:00,,NaN,,,,NaN,NaN,ORDER_INFO,2026-01-25 23:33:17.671331+00:00
864,25GUE040,GUERLAIN,,,CIF,2026-05-24 00:00:00+00:00,,,,G301085,INST BADGE BC Y25 ,170.0,9.0,0.01,,1.0,,UNION SOURCE,Singapore,Shenzhen,NaN,2026-06-24 00:00:00+00:00,,NaN,,,,NaN,NaN,ORDER_INFO,2026-01-25 23:33:17.671331+00:00
865,25YSL037,YSL,,,DDP,2026-01-13 00:00:00+00:00,,,,LG612700,YSL COFFRET XMAS26 WOMEN POUCH ,39940.0,6483.0,68.95,,1816.0,,Vipin,Ury (77),Shenzhen,NaN,2026-03-20 00:00:00+00:00,,NaN,,,,NaN,NaN,ORDER_INFO,2026-01-25 23:33:17.671331+00:00
866,25CLA012,CLARINS,,,DDP,2026-04-15 00:00:00+00:00,,,,80130786,NaN,65475.0,3849.0,30.76,,819.0,,YCD,Ury (77),Shenzhen,NaN,,,NaN,,,,NaN,NaN,ORDER_INFO,2026-01-25 23:33:17.671331+00:00
867,25CLE001,NaN,,,NaN,2026-03-01 00:00:00+00:00,,,,NaN,NaN,,,0.0,,,,NaN,NaN,NaN,NaN,2026-03-16 00:00:00+00:00,,NaN,,,,NaN,NaN,ORDER_INFO,2026-01-25 23:33:17.671331+00:00
868,25DIE002,Diesel,,,DDP,2026-03-25 00:00:00+00:00,,,,LG668400-F,Folding box DS PREMIUM SET METAL CASE H26 ,8883.0,,3.82,,112.0,,PTA,Ury (77),Shenzhen,NaN,2026-05-20 00:00:00+00:00,,NaN,,,,NaN,NaN,ORDER_INFO,2026-01-25 23:33:17.671331+00:00
869,25YTR002,L'Oreal TR,,,DDP,,,,,TE585500,YSL POP SOCKET GWP TR ,8000.0,,,,,,NaN,Ressons,NaN,NaN,2026-12-12 00:00:00+00:00,,NaN,,,,NaN,NaN,ORDER_INFO,2026-01-25 23:33:17.671331+00:00
870,25PRL001,Prada,,,DDP,,,,,LE722404,PR EMPTY CLUTCH HOL26 DDP ,9802.0,,0.0,,,,NaN,Roye,NaN,NaN,2026-04-24 00:00:00+00:00,,NaN,,,,NaN,NaN,ORDER_INFO,2026-01-25 23:33:17.671331+00:00
871,25CER004,CERRUTI,,,NaN,,,,,NaN,NaN,,,0.0,,,,NaN,NaN,NaN,NaN,,,NaN,,,,NaN,NaN,ORDER_INFO,2026-01-25 23:33:17.671331+00:00
